Cluster ID,Score,Name,Gender,DOB,Address,Occupation,Bank Acct
0,0.997,Linda Smith954,M,1950-04-29,"696 Patrick St, Navan",Doctor,
0,0.997,Linda Smith954,M,1950-04-29,"696 Patrick St, Navan",Doctor,
1,0.997,Barbara Williams918,M,1979-08-06,"281 Shop St, Bray",Accountant,IE56BOFI914314
1,0.997,Barbara Williams918,M,1979-08-06,"281 Shop St, Bray",,IE56BOFI914314
2,0.993,William Davis404,F,1980-11-05,"478 Seaview, Waterford",Admin,IE50BOFI965166
2,0.993,Wiliam Davis404,F,1980-11-05,"478 Seaview, Waterford",,IE50BOFI965166
3,0.997,William Davis192,M,1989-02-10,"175 Seaview, Cork",Nurse,IE19BOFI928263
3,0.997,William Davis192,M,1989-02-10,"175 Seaview, Cork",Nurse,IE19BOFI928263
4,0.896,William Davis97,F,1966-06-09,"515 Eyre Square, Limerick",Nurse,IE21BOFI967905
4,0.896,William aDvis97,F,1966-06-09,"909 New Address Rd, Galway",Nurse,IE21BOFI967905
5,0.909,Smurfit Kappa Solutions,,,"557 Eyre Square, Limerick",,IE88BOFI972386
5,0.909,Smurfit Kappa Solutions,,,"88 High St, Dundalk",,IE20BOFI928996
6,0.529,Lisa Anderson943,M,2001-09-09,"859 Dame St, Dublin",Driver,IE17BOFI971674
6,0.505,Lisa Anderson949,M,1984-04-01,"247 Grafton St, Dublin",Retiree,IE71BOFI902603
6,0.847,Lisa Anderson943,,2001-09-09,"859 Dame St, Dublin",,IE17BOFI971674
7,0.592,Joseph Thomas55,F,1981-09-15,"874 Oliver Plunkett St, Galway",Builder,
7,0.591,Joseph Thomas985,F,1994-05-15,"804 O'Connell St, Drogheda",Farmer,
7,0.577,Joseph Thomas774,F,1993-08-17,"224 Oak Park, Limerick",Nurse,IE24BOFI992805
7,0.857,Joseph Thmoas55,F,,"874 Oliver Plunkett St, Galway",,
8,0.529,Richard Miller714,F,1983-01-14,"854 Oliver Plunkett St, Limerick",Farmer,IE24BOFI936386
8,0.741,Richard Miller553,F,1953-04-04,"787 Oliver Plunkett St, Cork",Engineer,IE26BOFI996822
8,0.848,Richard Miller714,,1983-01-14,"854 Oliver Plunkett St, Limerick",,IE24BOFI936386
8,0.808,Richard Miller535,,,"787 Oliver Plunkett St, Cork",Engineer,IE26BOFI996822
8,0.624,Rchard Miller553,F,1953-04-04,"787 Oliver Plunkett St, Cork",Engineer,IE26BOFI996822
9,0.992,Richard Miller340,M,1987-01-05,"964 Dame St, Limerick",Accountant,IE38BOFI977453
9,0.992,ichard Miller340,,1987-01-05,"964 Dame St, Limerick",Accountant,IE38BOFI977453
10,0.607,Thomas Smith385,M,1960-07-07,"604 Patrick St, Bray",Admin,
10,0.607,Thomas Smith437,F,1983-05-28,"960 Oliver Plunkett St, Drogheda",Admin,IE44BOFI950223
10,0.607,Thomas Smith385,M,1960-07-07,"604 Patrick St, Bray",Admin,
10,0.607,Thomas Smith437,F,1983-05-28,"960 Oliver Plunkett St, Drogheda",Admin,IE44BOFI950223
11,0.997,Thomas Smith698,M,1977-12-14,"98 Main St, Swords",Farmer,IE74BOFI936416
11,0.997,Thomas Smith698,M,1977-12-14,"98 Main St, Swords",Farmer,IE74BOFI936416
12,0.996,Thomas Smith890,M,1967-06-30,"781 Griffith Ave, Dundalk",Civil Servant,
12,0.996,Thomas Smith890,,1967-06-30,"781 Griffith Ave, Dundalk",Civil Servant,
13,0.546,Michael Thomas366,M,1975-03-05,"864 Church Rd, Galway",Civil Servant,IE17BOFI908405
13,0.546,Michael Thomas300,F,1968-02-05,"945 Eyre Square, Galway",Civil Servant,IE81BOFI958156
14,0.99,David Johnson607,M,2003-09-20,"432 Grafton St, Dundalk",Nurse,IE81BOFI955423
14,0.99,aDvid Johnson607,,2003-09-20,"432 Grafton St, Dundalk",Nurse,IE81BOFI955423
15,0.882,Tesco Limited,,,"215 Seaview, Galway",,IE86BOFI957852
15,0.882,Tesco Limited,,,"497 Oak Park, Waterford",,IE10BOFI946569
16,0.992,John Moore114,M,1966-01-19,"287 Griffith Ave, Drogheda",Teacher,IE57BOFI933086
16,0.992,John Moore114,M,1966-01-19,"287 Griffith Ave, Drogheda",Teacher,IE57BOFI933086
16,0.989,JohnM oore114,M,,"287 Griffith Ave, Drogheda",,IE57BOFI933086
17,0.926,John Moore626,M,1994-07-16,"958 High St, Dundalk",Manager,IE41BOFI980377
17,0.926,John Moore26,M,1994-07-16,"647 New Address Rd, Limerick",,IE41BOFI980377
18,0.991,John Moore742,F,1953-02-18,"277 Main St, Limerick",Farmer,IE42BOFI964073
18,0.991,Jhn Moore742,F,1953-02-18,"277 Main St, Limerick",Farmer,IE42BOFI964073
19,0.979,John Moore665,F,1987-12-10,"896 Church Rd, Dublin",Teacher,IE25BOFI909907
19,0.979,John Moore665,F,1987-12-10,"965 New Address Rd, Drogheda",,IE25BOFI909907
20,0.521,David Rodriguez343,F,1997-07-29,"746 Seaview, Galway",Sales,IE42BOFI924986
20,0.644,David Rodriguez373,F,1982-10-29,"433 Seaview, Bray",Technician,IE35BOFI970583
20,0.552,David Rodriguez846,F,1997-01-01,"398 Seaview, Dublin",Technician,IE21BOFI979111
21,0.997,Lisa Garcia477,F,1999-03-03,"712 Dame St, Drogheda",Technician,IE49BOFI962835
21,0.997,Lisa Garcia477,F,,"712 Dame St, Drogheda",Technician,IE49BOFI962835
22,0.529,John Jones854,M,1953-12-13,"50 Eyre Square, Drogheda",Accountant,IE71BOFI951784
22,0.529,John Jones841,F,1952-06-27,"58 Eyre Square, Navan",Student,
23,0.997,John Jones485,F,1986-10-10,"147 Griffith Ave, Galway",Retiree,
23,0.997,John Jones485,F,1986-10-10,"147 Griffith Ave, Galway",Retiree,
24,0.997,John Smith158,F,1963-05-09,"30 Dame St, Drogheda",Retiree,IE57BOFI980276
24,0.997,John Smith158,,1963-05-09,"30 Dame St, Drogheda",Retiree,IE57BOFI980276
25,0.997,William Williams405,F,1952-10-25,"690 Henry St, Limerick",Builder,IE28BOFI983181
25,0.997,William Williams405,F,1952-10-25,"690 Henry St, Limerick",Builder,IE28BOFI983181
26,0.993,William Williams915,F,1991-05-12,"400 Henry St, Bray",Retiree,IE14BOFI993970
26,0.993,WilliamW illiams915,F,1991-05-12,"400 Henry St, Bray",Retiree,IE14BOFI993970
27,0.997,William Williams262,M,1976-09-12,"194 Main St, Waterford",IT Consultant,
27,0.997,William Williams262,M,1976-09-12,"194 Main St, Waterford",IT Consultant,
28,0.99,Linda Thomas233,F,1978-05-28,"814 Grafton St, Drogheda",Technician,
28,0.99,Linda Thoma2s33,F,1978-05-28,"814 Grafton St, Drogheda",Technician,
29,0.993,Joseph Hernandez513,M,1977-05-17,"460 Dame St, Navan",Technician,IE15BOFI907368
29,0.993,JosephHernandez513,,1977-05-17,"460 Dame St, Navan",,IE15BOFI907368
30,0.739,Richard Martin427,M,1978-02-02,"917 Henry St, Navan",Nurse,IE12BOFI985222
30,0.737,Richard Martin321,M,1970-07-05,"30 Main St, Bray",Retiree,
30,0.934,Richard Martin472,M,,"917 Henry St, Navan",,IE12BOFI985222
30,0.944,Richard Martin321,M,,"30 Main St, Bray",,
31,0.924,Elizabeth Taylor658,M,1987-10-16,"390 Eyre Square, Waterford",Teacher,IE96BOFI921088
31,0.924,Elizabteh Taylor658,,1987-10-16,"644 New Address Rd, Limerick",Teacher,IE96BOFI921088
32,0.997,Patricia Lopez425,F,1989-02-11,"376 Church Rd, Swords",Driver,IE72BOFI919653
32,0.997,Patricia Lopez425,F,1989-02-11,"376 Church Rd, Swords",Driver,IE72BOFI919653
33,0.997,Jessica Wilson276,M,1977-09-24,"481 Dame St, Swords",Sales,IE45BOFI937223
33,0.997,Jessica Wilson276,M,,"481 Dame St, Swords",,IE45BOFI937223
34,0.801,Jessica Wilson267,F,1993-01-01,"548 O'Connell St, Limerick",Driver,IE48BOFI982219
34,0.87,Jessica Wilson585,F,1955-06-15,"266 O'Connell St, Limerick",Doctor,
34,0.87,Jessica Wilson585,F,1955-06-15,"266 O'Connell St, Limerick",Doctor,
34,0.923,JessicaW ilson585,F,1955-06-15,"266 O'Connell St, Limerick",,
35,0.96,William Smith809,M,1956-05-26,"893 O'Connell St, Waterford",Civil Servant,IE56BOFI998167
35,0.959,William Smith809,M,,"893 O'Connell St, Waterford",Civil Servant,IE56BOFI998167
35,0.973,William Smith809,M,1956-05-26,"71 New Address Rd, Bray",,IE56BOFI998167
35,0.948,William mith809,M,1956-05-26,"791 New Address Rd, Navan",,IE56BOFI998167
36,0.985,David Thomas704,M,1997-07-05,"376 Oak Park, Swords",Student,IE40BOFI910601
36,0.985,David Thomas704,M,1997-07-05,"376 Oak Park, Swords",Student,IE40BOFI910601
36,0.959,David Thomsa704,M,1997-07-05,"376 Oak Park, Swords",,IE40BOFI910601
36,0.955,David Thomas704,M,1997-07-05,"924 New Address Rd, Limerick",Student,IE40BOFI910601
37,0.996,Glanbia Solutions,,,"354 Dame St, Dundalk",,IE86BOFI926275
37,0.996,Glanbia Solutions,,,"354 Dame St, Dundalk",,IE86BOFI926275
38,0.993,Susan Miller53,M,1996-01-05,"276 Seaview, Bray",Civil Servant,IE97BOFI958771
38,0.993,Susan Miller53,M,1996-01-05,"276 Seaview, Bray",Civil Servant,IE97BOFI958771
38,0.99,Susan Mille5r3,M,1996-01-05,"276 Seaview, Bray",Civil Servant,IE97BOFI958771
39,0.997,Susan Miller591,F,1976-11-19,"618 Grafton St, Navan",Doctor,IE65BOFI923866
39,0.997,Susan Miller591,F,1976-11-19,"618 Grafton St, Navan",Doctor,IE65BOFI923866
40,0.991,Susan Miller257,F,1972-09-13,"344 O'Connell St, Galway",Builder,IE12BOFI925545
40,0.991,uSsan Miller257,F,1972-09-13,"344 O'Connell St, Galway",,IE12BOFI925545
41,0.991,Joseph Miller715,F,2001-10-11,"845 Church Rd, Waterford",Builder,
41,0.991,Joseph Milelr715,F,2001-10-11,"845 Church Rd, Waterford",,
42,0.869,Robert Hernandez291,F,1960-03-22,"664 Eyre Square, Navan",Technician,
42,0.814,Robert Hernandez895,F,1998-09-16,"429 Eyre Square, Navan",Driver,IE86BOFI952414
42,0.869,Robert Hernandez291,F,1960-03-22,"664 Eyre Square, Navan",Technician,
43,0.992,David Martinez944,M,2003-07-01,"662 Oak Park, Waterford",IT Consultant,IE59BOFI999606
43,0.992,David Martinz944,,2003-07-01,"662 Oak Park, Waterford",IT Consultant,IE59BOFI999606
44,0.997,William Anderson604,F,1985-08-26,"391 Dame St, Navan",Accountant,IE32BOFI955481
44,0.997,William Anderson604,F,1985-08-26,"391 Dame St, Navan",Accountant,IE32BOFI955481
44,0.997,William Anderson604,F,1985-08-26,"391 Dame St, Navan",,IE32BOFI955481
45,0.926,David Brown607,M,1967-04-11,"286 Seaview, Dublin",Civil Servant,IE46BOFI941289
45,0.926,DavidBrown607,,1967-04-11,"668 New Address Rd, Navan",Civil Servant,IE46BOFI941289
46,0.997,David Brown27,F,1971-02-17,"503 Dame St, Navan",Nurse,IE13BOFI995493
46,0.997,David Brown27,F,,"503 Dame St, Navan",Nurse,IE13BOFI995493
47,0.935,Spar Solutions,,,"656 Dame St, Swords",,
47,0.913,Spar Solutions,,,"215 Griffith Ave, Galway",,IE77BOFI951859
47,0.896,Spar oSlutions,,,"844 New Address Rd, Limerick",,IE77BOFI951859
48,0.939,Elizabeth Smith133,F,1969-04-15,"634 O'Connell St, Galway",Accountant,IE20BOFI951349
48,0.939,Elizabeth Sith133,F,1969-04-15,"451 New Address Rd, Swords",,IE20BOFI951349
49,0.796,Elizabeth Smith845,M,1989-10-06,"857 Eyre Square, Cork",Engineer,
49,0.796,Elizabeth Smith882,M,1951-12-22,"330 Eyre Square, Cork",Sales,IE42BOFI916164
50,0.997,Elizabeth Smith171,M,1988-08-11,"323 Dame St, Swords",IT Consultant,IE61BOFI996755
50,0.997,Elizabeth Smith171,M,1988-08-11,"323 Dame St, Swords",IT Consultant,IE61BOFI996755
51,0.991,Elizabeth Smith84,M,1967-09-23,"50 Oak Park, Drogheda",Nurse,IE59BOFI991383
51,0.991,ElizabethS mith84,,,"50 Oak Park, Drogheda",Nurse,IE59BOFI991383
52,0.939,Kingspan Group,,,"406 Henry St, Galway",,IE90BOFI973865
52,0.877,Kingspan Group,,,"13 Church Rd, Dundalk",,IE92BOFI934154
52,0.968,Kingspan Group,,,"116 Seaview, Galway",,
52,0.968,Kingspan Group,,,"116 Seaview, Galway",,
52,0.838,iKngspan Group,,,"406 Henry St, Galway",,IE90BOFI973865
52,0.877,Kingspan Group,,,"13 Church Rd, Dundalk",,IE92BOFI934154
53,0.993,Robert Davis23,M,1971-07-02,"864 Main St, Cork",Admin,
53,0.991,Roert Davis23,M,1971-07-02,"864 Main St, Cork",Admin,
53,0.993,Robert Davis23,M,1971-07-02,"864 Main St, Cork",,
54,0.569,Robert Davis993,M,1988-12-04,"950 Henry St, Drogheda",Technician,IE82BOFI959695
54,0.631,Robert Davis949,M,1987-03-27,"428 Shop St, Galway",Doctor,
54,0.678,Robert Davis939,M,1988-12-04,"950 Henry St, Drogheda",Technician,IE82BOFI959695
54,0.609,Robert Davis949,,1987-03-27,"428 Shop St, Galway",Doctor,
55,0.993,Patricia Hernandez320,F,1959-11-08,"330 High St, Galway",Civil Servant,IE95BOFI986314
55,0.993,Patricai Hernandez320,F,,"330 High St, Galway",,IE95BOFI986314
56,0.997,Patricia Hernandez195,F,1966-09-23,"60 Oak Park, Bray",IT Consultant,IE57BOFI985055
56,0.997,Patricia Hernandez195,F,1966-09-23,"60 Oak Park, Bray",IT Consultant,IE57BOFI985055
57,0.927,Lisa Jackson869,M,1989-11-14,"917 Dame St, Galway",IT Consultant,IE87BOFI973067
57,0.927,Lisa Jackso8n69,,1989-11-14,"913 New Address Rd, Navan",IT Consultant,IE87BOFI973067
58,0.997,Robert Brown367,F,1996-10-10,"456 Main St, Cork",Director,IE17BOFI925227
58,0.997,Robert Brown367,F,1996-10-10,"456 Main St, Cork",Director,IE17BOFI925227
59,0.997,Robert Brown501,M,1952-02-22,"463 Seaview, Bray",Teacher,IE88BOFI901727
59,0.997,Robert Brown501,M,1952-02-22,"463 Seaview, Bray",Teacher,IE88BOFI901727
60,0.994,Michael Rodriguez129,M,1959-06-11,"993 Oak Park, Dublin",Builder,IE98BOFI983954
60,0.994,MichaelRodriguez129,M,1959-06-11,"993 Oak Park, Dublin",Builder,IE98BOFI983954
61,0.956,Michael Rodriguez750,F,1967-08-10,"258 Church Rd, Dundalk",Doctor,IE40BOFI929429
61,0.938,Michel Rodriguez750,,1967-08-10,"681 New Address Rd, Cork",,IE40BOFI929429
61,0.956,Michael Rodriguez750,F,1967-08-10,"258 Church Rd, Dundalk",,IE40BOFI929429
62,0.992,Michael Rodriguez873,M,1988-05-22,"532 Grafton St, Bray",Driver,IE19BOFI935455
62,0.992,Michael Rodriguez837,,,"532 Grafton St, Bray",Driver,IE19BOFI935455
63,0.965,Michael Rodriguez724,F,1966-09-19,"730 Griffith Ave, Galway",Sales,IE80BOFI954888
63,0.965,Michael Rodriguez724,F,1966-09-19,"824 New Address Rd, Limerick",Sales,IE80BOFI954888
64,0.993,Robert Jackson564,F,1973-11-04,"542 Henry St, Dublin",Driver,IE32BOFI946725
64,0.993,Robert ackson564,F,1973-11-04,"542 Henry St, Dublin",Driver,IE32BOFI946725
65,0.993,Robert Jackson870,F,1983-10-07,"385 Griffith Ave, Limerick",Nurse,IE69BOFI980576
65,0.993,Rober Jackson870,F,1983-10-07,"385 Griffith Ave, Limerick",,IE69BOFI980576
66,0.544,Joseph Johnson731,F,2000-03-16,"893 Eyre Square, Waterford",Technician,IE77BOFI912385
66,0.76,Joseph Johnson444,F,1994-06-18,"460 Church Rd, Galway",Technician,
66,0.612,Jseph Johnson444,F,1994-06-18,"460 Church Rd, Galway",,
67,0.997,Jennifer Hernandez25,M,2005-12-12,"125 O'Connell St, Waterford",Admin,IE54BOFI981152
67,0.997,Jennifer Hernandez25,M,2005-12-12,"125 O'Connell St, Waterford",,IE54BOFI981152
68,0.939,Ryanair Services,,,"764 Dame St, Dundalk",,IE69BOFI927995
68,0.939,Ryanair Services,,,"926 Church Rd, Dundalk",,IE50BOFI972166
69,0.975,James Gonzalez904,M,1995-09-06,"234 Oliver Plunkett St, Dundalk",Manager,IE65BOFI986845
69,0.975,James Gonzalez90,M,,"755 New Address Rd, Dublin",Manager,IE65BOFI986845
70,0.969,Jessica Brown551,F,1953-05-24,"718 O'Connell St, Waterford",Farmer,IE77BOFI937079
70,0.969,Jessica Brown551,F,1953-05-24,"152 New Address Rd, Galway",Farmer,IE77BOFI937079
71,0.993,Elizabeth Wilson266,F,1958-10-01,"762 Henry St, Cork",Accountant,IE57BOFI960979
71,0.993,Elizabeth Wilosn266,F,1958-10-01,"762 Henry St, Cork",Accountant,IE57BOFI960979
72,0.997,Mary Jones235,M,2005-09-28,"896 Church Rd, Galway",Driver,IE26BOFI925136
72,0.997,Mary Jones235,M,2005-09-28,"896 Church Rd, Galway",Driver,IE26BOFI925136
73,0.997,Mary Jones542,M,1973-03-04,"729 High St, Swords",Retiree,IE52BOFI948007
73,0.997,Mary Jones542,M,1973-03-04,"729 High St, Swords",Retiree,IE52BOFI948007
74,0.977,Thomas Williams874,F,1981-02-18,"38 O'Connell St, Navan",Teacher,IE13BOFI995863
74,0.977,Thomas Williams874,F,1981-02-18,"79 New Address Rd, Waterford",Teacher,IE13BOFI995863
75,0.993,Patricia Anderson156,F,1996-05-14,"397 Dame St, Cork",Retiree,IE21BOFI950682
75,0.993,Patrciia Anderson156,F,,"397 Dame St, Cork",,IE21BOFI950682
76,0.993,Patricia Anderson731,M,1979-02-25,"812 Dame St, Limerick",Retiree,IE15BOFI940375
76,0.993,Patriia Anderson731,,1979-02-25,"812 Dame St, Limerick",Retiree,IE15BOFI940375
77,0.997,Patricia Anderson374,F,1993-07-29,"483 Oak Park, Galway",IT Consultant,IE35BOFI957866
77,0.997,Patricia Anderson374,,1993-07-29,"483 Oak Park, Galway",IT Consultant,IE35BOFI957866
78,0.56,Elizabeth Williams272,M,1984-05-17,"752 Shop St, Dublin",Farmer,IE74BOFI900557
78,0.741,Elizabeth Williams59,F,1973-03-18,"736 Oak Park, Drogheda",Farmer,
78,0.502,Elizabeth Williams470,M,1988-02-06,"533 Oak Park, Bray",Teacher,IE56BOFI998957
78,0.861,Elizabeth Williams59,,1973-03-18,"736 Oak Park, Drogheda",Farmer,
78,0.741,Elizabeth Williams59,F,1973-03-18,"736 Oak Park, Drogheda",Farmer,
79,0.993,Patricia Taylor66,M,1989-07-30,"243 Oliver Plunkett St, Navan",Director,IE90BOFI909382
79,0.993,Patriia Taylor66,,,"243 Oliver Plunkett St, Navan",Director,IE90BOFI909382
79,0.993,Patricia Taylor66,M,1989-07-30,"243 Oliver Plunkett St, Navan",Director,IE90BOFI909382
79,0.994,Patriia Taylor66,M,,"243 Oliver Plunkett St, Navan",,IE90BOFI909382
80,0.953,Patricia Taylor620,M,1995-12-18,"147 Patrick St, Dundalk",Doctor,IE36BOFI936589
80,0.892,Particia Taylor620,M,1995-12-18,"147 Patrick St, Dundalk",Doctor,IE36BOFI936589
80,0.882,Patricia Taylo620,M,1995-12-18,"981 New Address Rd, Navan",Doctor,IE36BOFI936589
81,0.949,Patricia Taylor741,F,1960-01-26,"112 Main St, Cork",Accountant,IE34BOFI952309
81,0.949,Patrcia Taylor741,F,1960-01-26,"279 New Address Rd, Swords",Accountant,IE34BOFI952309
82,0.976,Lisa Moore891,M,1980-11-28,"21 Oliver Plunkett St, Galway",Technician,IE74BOFI949175
82,0.936,Lisa oore891,M,1980-11-28,"21 Oliver Plunkett St, Galway",,IE74BOFI949175
82,0.933,Lisa Moore891,M,1980-11-28,"979 New Address Rd, Swords",,IE74BOFI949175
83,0.781,Thomas Lopez851,M,2000-01-14,"912 Oliver Plunkett St, Galway",IT Consultant,IE89BOFI930320
83,0.69,Thomas Lopez997,M,1951-05-01,"901 Shop St, Bray",IT Consultant,
83,0.781,Thomas Lopez851,M,2000-01-14,"912 Oliver Plunkett St, Galway",IT Consultant,IE89BOFI930320
84,0.978,Michael Davis282,M,1985-04-30,"102 Eyre Square, Cork",Teacher,IE93BOFI976062
84,0.978,Michael Davis282,M,1985-04-30,"338 New Address Rd, Limerick",Teacher,IE93BOFI976062
85,0.994,James Williams298,M,1965-04-06,"650 Oak Park, Dublin",Technician,IE59BOFI910657
85,0.992,James Wlliams298,M,1965-04-06,"650 Oak Park, Dublin",Technician,IE59BOFI910657
85,0.994,James Williams298,,,"650 Oak Park, Dublin",Technician,IE59BOFI910657
86,0.992,James Williams723,M,2002-07-20,"207 Griffith Ave, Navan",Doctor,IE57BOFI998169
86,0.992,Jaes Williams723,,2002-07-20,"207 Griffith Ave, Navan",,IE57BOFI998169
87,0.993,Barbara Rodriguez553,F,1989-10-08,"825 Church Rd, Galway",Technician,
87,0.993,Barbraa Rodriguez553,F,1989-10-08,"825 Church Rd, Galway",Technician,
88,0.983,Barbara Rodriguez288,F,1974-07-23,"161 Oak Park, Bray",Civil Servant,IE58BOFI950641
88,0.983,Barbara Rodriguez288,F,1974-07-23,"161 Oak Park, Bray",Civil Servant,IE58BOFI950641
88,0.977,Barbara Rodriguez288,F,1974-07-23,"68 New Address Rd, Limerick",Civil Servant,IE58BOFI950641
89,0.653,Mary Williams727,M,1966-10-05,"103 Henry St, Limerick",IT Consultant,IE28BOFI991801
89,0.744,Mary Williams907,M,1967-02-07,"893 Patrick St, Limerick",Driver,IE28BOFI941898
89,0.667,Mary Williams202,M,1968-03-16,"793 Church Rd, Drogheda",IT Consultant,
89,0.753,Mary Williams907,M,,"526 New Address Rd, Swords",Driver,IE28BOFI941898
89,0.744,Mary Williams907,M,1967-02-07,"893 Patrick St, Limerick",Driver,IE28BOFI941898
89,0.844,Mary Williams202,M,1968-03-16,"793 Church Rd, Drogheda",,
90,0.627,Mary Williams326,F,1957-07-21,"75 O'Connell St, Waterford",Student,IE54BOFI996364
90,0.627,Mary Williams713,F,1950-05-13,"235 High St, Waterford",IT Consultant,
91,0.994,Mary Williams933,F,2000-05-17,"785 Main St, Navan",Nurse,IE30BOFI988583
91,0.994,Mary Williams933,F,2000-05-17,"785 Main St, Navan",Nurse,IE30BOFI988583
91,0.992,Mary illiams933,,2000-05-17,"785 Main St, Navan",Nurse,IE30BOFI988583
92,0.808,Dunnes Ltd,,,"358 Shop St, Dundalk",,IE71BOFI990011
92,0.81,Dunnes Ltd,,,"421 Oak Park, Galway",,IE69BOFI953121
92,0.737,Dnnes Ltd,,,"659 New Address Rd, Swords",,IE69BOFI953121
92,0.81,Dunnes Ltd,,,"421 Oak Park, Galway",,IE69BOFI953121
92,0.683,Dunnse Ltd,,,"546 New Address Rd, Drogheda",,IE71BOFI990011
93,0.764,James Wilson637,F,1968-08-13,"78 Church Rd, Swords",Admin,IE53BOFI947269
93,0.764,James Wilson333,F,1972-11-17,"866 Eyre Square, Limerick",Admin,
94,0.978,Jennifer Johnson756,M,1998-02-01,"462 Patrick St, Swords",Builder,IE92BOFI992867
94,0.978,Jennifer Johnson756,M,1998-02-01,"995 New Address Rd, Waterford",,IE92BOFI992867
95,0.978,Elizabeth Thomas890,F,2001-12-30,"988 Seaview, Navan",Builder,IE79BOFI998821
95,0.978,Elizabeth Thomas890,F,2001-12-30,"137 New Address Rd, Dundalk",Builder,IE79BOFI998821
96,0.993,Patricia Gonzalez881,M,1974-12-27,"578 O'Connell St, Limerick",Farmer,IE31BOFI970076
96,0.993,Patricia Gonazlez881,M,1974-12-27,"578 O'Connell St, Limerick",Farmer,IE31BOFI970076
97,0.986,Jessica Rodriguez182,F,1999-07-28,"338 Church Rd, Limerick",Student,IE10BOFI940290
97,0.986,Jessica Rodriguez182,,1999-07-28,"46 New Address Rd, Limerick",Student,IE10BOFI940290
98,0.957,Thomas Taylor137,M,1982-05-20,"243 Henry St, Cork",IT Consultant,IE43BOFI916528
98,0.957,Thomas Tylor137,M,1982-05-20,"162 New Address Rd, Cork",IT Consultant,IE43BOFI916528
99,0.518,Mary Thomas993,M,1983-03-20,"132 Dame St, Dublin",Builder,IE11BOFI905537
99,0.669,Mary Thomas110,M,1968-11-08,"641 High St, Dundalk",Builder,IE84BOFI987534
99,0.649,Mary Thomas110,,1968-11-08,"641 High St, Dundalk",Builder,IE84BOFI987534
100,0.997,Mary Thomas385,M,1974-04-27,"972 Main St, Limerick",Doctor,IE69BOFI940370
100,0.997,Mary Thomas385,M,1974-04-27,"972 Main St, Limerick",,IE69BOFI940370
101,0.997,Barbara Gonzalez557,M,1977-06-17,"988 Oak Park, Bray",Technician,
101,0.997,Barbara Gonzalez557,M,1977-06-17,"988 Oak Park, Bray",Technician,
102,0.992,Robert Williams461,F,1952-04-23,"435 Grafton St, Dublin",Civil Servant,IE47BOFI936380
102,0.992,Rboert Williams461,F,1952-04-23,"435 Grafton St, Dublin",,IE47BOFI936380
103,0.941,Jennifer Gonzalez773,F,1992-12-17,"968 Oak Park, Limerick",Engineer,IE28BOFI922831
103,0.941,Jennifer Gonzalez73,,1992-12-17,"837 New Address Rd, Bray",,IE28BOFI922831
104,0.974,Jennifer Gonzalez22,F,1972-01-28,"441 Seaview, Dundalk",Teacher,IE93BOFI926412
104,0.974,Jennifer Gonzalez22,,1972-01-28,"905 New Address Rd, Galway",,IE93BOFI926412
105,0.997,Richard Williams202,M,2003-11-30,"866 Church Rd, Navan",Manager,IE29BOFI938481
105,0.997,Richard Williams202,,2003-11-30,"866 Church Rd, Navan",Manager,IE29BOFI938481
106,0.994,Elizabeth Brown901,M,2005-04-16,"139 Henry St, Dublin",Doctor,IE79BOFI943322
106,0.994,Elizabeth Brown91,M,,"139 Henry St, Dublin",Doctor,IE79BOFI943322
107,0.993,Jennifer Smith291,M,1956-01-04,"708 Grafton St, Navan",IT Consultant,IE45BOFI911892
107,0.993,Jennifer mith291,M,1956-01-04,"708 Grafton St, Navan",IT Consultant,IE45BOFI911892
108,0.993,Jennifer Smith513,M,1979-05-08,"147 Henry St, Bray",Director,IE62BOFI904830
108,0.993,Jennifer Smth513,M,,"147 Henry St, Bray",Director,IE62BOFI904830
109,0.991,Patricia Thomas799,F,1991-06-20,"722 Griffith Ave, Drogheda",Nurse,IE34BOFI935054
109,0.991,Patricai Thomas799,,1991-06-20,"722 Griffith Ave, Drogheda",Nurse,IE34BOFI935054
110,0.508,Barbara Martin914,M,1953-12-29,"246 O'Connell St, Cork",Manager,IE72BOFI968922
110,0.746,Barbara Martin473,M,2002-02-02,"844 Shop St, Limerick",Manager,
110,0.579,Barbaar Martin473,M,2002-02-02,"844 Shop St, Limerick",Manager,
111,0.975,Michael Lopez426,M,1981-09-04,"806 Church Rd, Galway",Teacher,IE29BOFI971543
111,0.975,Michael Lopez426,M,1981-09-04,"322 New Address Rd, Navan",Teacher,IE29BOFI971543
112,0.629,Patricia Moore53,M,1985-08-04,"343 Henry St, Swords",Driver,
112,0.629,Patricia Moore992,M,1989-03-05,"839 Main St, Cork",Farmer,IE26BOFI996322
113,0.997,Thomas Wilson334,F,1954-07-02,"21 Henry St, Bray",Farmer,
113,0.997,Thomas Wilson334,F,1954-07-02,"21 Henry St, Bray",Farmer,
114,0.997,James Thomas441,M,1978-10-04,"853 Shop St, Navan",Technician,IE91BOFI962349
114,0.997,James Thomas441,M,1978-10-04,"853 Shop St, Navan",Technician,IE91BOFI962349
115,0.991,Mary Garcia925,M,1964-09-04,"931 Patrick St, Navan",Retiree,
115,0.991,Mary Grcia925,M,1964-09-04,"931 Patrick St, Navan",Retiree,
116,0.932,Mary Garcia792,M,1995-07-31,"569 O'Connell St, Dublin",Accountant,IE95BOFI918701
116,0.933,Mary Garica792,M,1995-07-31,"387 New Address Rd, Galway",Accountant,IE95BOFI918701
116,0.971,Mary Garcia792,M,,"673 New Address Rd, Swords",Accountant,IE95BOFI918701
117,0.993,Patricia Williams129,M,1982-07-11,"469 O'Connell St, Waterford",Teacher,IE20BOFI908327
117,0.993,Patricia Williams219,M,1982-07-11,"469 O'Connell St, Waterford",,IE20BOFI908327
118,0.702,Elizabeth Johnson583,M,1967-10-14,"574 High St, Swords",Nurse,IE42BOFI907953
118,0.776,Elizabeth Johnson148,M,1955-07-14,"557 High St, Dundalk",Builder,
118,0.804,Elizbeth Johnson148,M,,"557 High St, Dundalk",Builder,
119,0.992,Elizabeth Johnson954,F,2000-06-09,"588 Church Rd, Drogheda",Retiree,IE61BOFI984551
119,0.992,Elziabeth Johnson954,,2000-06-09,"588 Church Rd, Drogheda",Retiree,IE61BOFI984551
120,0.996,Joseph Gonzalez533,M,1956-04-10,"322 Church Rd, Galway",Student,
120,0.996,Joseph Gonzalez533,,1956-04-10,"322 Church Rd, Galway",Student,
121,0.56,Elizabeth Miller446,M,1982-04-05,"843 Seaview, Limerick",Technician,IE14BOFI922074
121,0.56,Elizabeth Miller26,M,1969-07-23,"952 Henry St, Limerick",Manager,
122,0.668,Elizabeth Martin273,F,1981-04-01,"175 Grafton St, Swords",Admin,IE91BOFI999114
122,0.609,Elizabeth Martin828,M,1996-02-09,"707 Grafton St, Cork",Director,
122,0.953,Elizabeth Martin828,,1996-02-09,"707 Grafton St, Cork",,
122,0.789,Elizabeth Martin273,F,,"175 Grafton St, Swords",Admin,IE91BOFI999114
123,0.557,Susan Wilson636,F,1952-09-20,"890 Dame St, Waterford",Manager,IE18BOFI919164
123,0.557,Susan Wilson239,M,2004-09-02,"324 Shop St, Navan",Manager,IE20BOFI919166
124,0.996,Susan Wilson867,M,1978-04-13,"774 Grafton St, Bray",Retiree,IE59BOFI952803
124,0.996,Susan Wilson867,,,"774 Grafton St, Bray",Retiree,IE59BOFI952803
125,0.983,Susan Wilson496,M,1973-07-12,"228 Henry St, Dublin",Farmer,IE19BOFI932098
125,0.983,Susan Wilson496,M,,"819 New Address Rd, Dublin",Farmer,IE19BOFI932098
126,0.997,Susan Wilson803,M,1985-04-09,"95 Seaview, Swords",Doctor,
126,0.997,Susan Wilson803,M,1985-04-09,"95 Seaview, Swords",Doctor,
127,0.937,Dunnes PLC,,,"995 Seaview, Cork",,IE43BOFI998105
127,0.937,Dunnes PLC,,,"209 O'Connell St, Limerick",,IE63BOFI924795
128,0.545,David Jones435,M,1984-10-17,"980 Seaview, Waterford",Admin,
128,0.545,David Jones400,M,1995-05-11,"388 Shop St, Waterford",Farmer,IE95BOFI949052
129,0.992,David Jones604,M,1976-10-10,"746 Eyre Square, Swords",Teacher,IE35BOFI932452
129,0.992,David ones604,M,1976-10-10,"746 Eyre Square, Swords",,IE35BOFI932452
130,0.99,David Jones824,F,1971-12-29,"693 Oliver Plunkett St, Dublin",Sales,IE99BOFI934560
130,0.99,Davdi Jones824,F,1971-12-29,"693 Oliver Plunkett St, Dublin",,IE99BOFI934560
131,0.997,Barbara Brown751,M,1984-04-08,"386 Dame St, Limerick",Director,
131,0.997,Barbara Brown751,M,1984-04-08,"386 Dame St, Limerick",Director,
132,0.991,Barbara Brown100,M,1993-01-30,"734 High St, Waterford",Technician,IE48BOFI953244
132,0.991,Barbara Bronw100,M,1993-01-30,"734 High St, Waterford",Technician,IE48BOFI953244
133,0.983,Barbara Brown718,M,1986-06-26,"401 High St, Bray",Manager,IE38BOFI966795
133,0.954,Barbara Brown718,M,1986-06-26,"860 New Address Rd, Limerick",,IE38BOFI966795
133,0.957,Barbara Brwon718,M,1986-06-26,"401 High St, Bray",Manager,IE38BOFI966795
134,0.967,Linda Williams743,F,1958-08-13,"220 Eyre Square, Swords",Retiree,IE94BOFI905816
134,0.967,Linda Williams743,F,1958-08-13,"493 New Address Rd, Dublin",Retiree,IE94BOFI905816
135,0.986,Eir Ireland,,,"344 Oak Park, Dundalk",,
135,0.986,Eir reland,,,"344 Oak Park, Dundalk",,
136,0.997,Linda Miller620,F,1988-09-19,"401 Henry St, Limerick",Nurse,IE70BOFI903049
136,0.997,Linda Miller620,F,1988-09-19,"401 Henry St, Limerick",Nurse,IE70BOFI903049
137,0.992,Susan Johnson240,M,1992-01-01,"553 O'Connell St, Swords",Sales,
137,0.992,Susan Johson240,M,1992-01-01,"553 O'Connell St, Swords",,
138,0.993,Susan Johnson187,M,1968-01-27,"48 Dame St, Dublin",Retiree,IE10BOFI984515
138,0.985,Susan Johnson17,,1968-01-27,"48 Dame St, Dublin",Retiree,IE10BOFI984515
138,0.984,usan Johnson187,M,1968-01-27,"48 Dame St, Dublin",Retiree,IE10BOFI984515
139,0.941,Tesco Services,,,"547 Dame St, Waterford",,IE69BOFI900468
139,0.916,Tesco Services,,,"388 O'Connell St, Swords",,IE99BOFI991344
139,0.941,Tesco Services,,,"547 Dame St, Waterford",,IE69BOFI900468
140,0.748,Richard Taylor113,F,1962-08-23,"399 Shop St, Dublin",Doctor,
140,0.796,Richard Taylor183,F,1991-05-22,"331 Dame St, Galway",IT Consultant,
140,0.699,Rihcard Taylor183,F,1991-05-22,"331 Dame St, Galway",IT Consultant,
140,0.781,Richard Taylor183,,1991-05-22,"331 Dame St, Galway",IT Consultant,
140,0.843,Richard Talor183,,1991-05-22,"331 Dame St, Galway",,
140,0.624,Richrd Taylor113,F,1962-08-23,"399 Shop St, Dublin",Doctor,
141,0.991,Richard Taylor19,M,1962-10-28,"194 Church Rd, Waterford",Manager,IE98BOFI997536
141,0.991,Richadr Taylor19,M,1962-10-28,"194 Church Rd, Waterford",Manager,IE98BOFI997536
142,0.997,Sarah Wilson685,F,1973-05-09,"261 Grafton St, Limerick",Student,IE85BOFI998491
142,0.997,Sarah Wilson685,F,,"261 Grafton St, Limerick",Student,IE85BOFI998491
143,0.788,Sarah Wilson290,M,1998-09-07,"513 Church Rd, Waterford",Doctor,IE63BOFI991381
143,0.788,Sarah Wilson230,M,1995-09-13,"948 Church Rd, Navan",Student,
144,0.996,SuperValu Solutions,,,"816 Seaview, Waterford",,IE32BOFI911797
144,0.996,SuperValu Solutions,,,"816 Seaview, Waterford",,IE32BOFI911797
145,0.996,Spar Services,,,"236 O'Connell St, Navan",,
145,0.996,Spar Services,,,"236 O'Connell St, Navan",,
145,0.996,Spar Services,,,"236 O'Connell St, Navan",,
146,0.997,Thomas Martinez599,M,1960-09-08,"128 Henry St, Bray",Doctor,IE45BOFI972280
146,0.997,Thomas Martinez599,M,1960-09-08,"128 Henry St, Bray",Doctor,IE45BOFI972280
147,0.991,Joseph Jackson798,M,1992-10-27,"67 High St, Cork",Engineer,IE80BOFI989648
147,0.991,Joseph Jakcson798,,1992-10-27,"67 High St, Cork",Engineer,IE80BOFI989648
148,0.992,Joseph Jackson459,M,1970-09-30,"133 Griffith Ave, Limerick",IT Consultant,IE43BOFI939342
148,0.992,Jsoeph Jackson459,M,1970-09-30,"133 Griffith Ave, Limerick",,IE43BOFI939342
149,0.997,James Martinez631,F,1955-11-14,"534 O'Connell St, Cork",Builder,IE51BOFI993794
149,0.997,James Martinez631,F,1955-11-14,"534 O'Connell St, Cork",Builder,IE51BOFI993794
150,0.561,James Martinez965,F,1951-09-25,"281 Shop St, Swords",Teacher,IE76BOFI928083
150,0.626,James Martinez291,F,1970-04-20,"640 Church Rd, Swords",Admin,
150,0.769,James Martinez291,F,,"640 Church Rd, Swords",Admin,
151,0.992,James Martinez958,F,1978-11-18,"256 Henry St, Bray",Farmer,IE50BOFI937880
151,0.992,Jmaes Martinez958,F,,"256 Henry St, Bray",Farmer,IE50BOFI937880
152,0.954,Jessica Gonzalez236,M,2003-05-29,"647 Henry St, Galway",Student,IE71BOFI955687
152,0.954,Jessca Gonzalez236,M,2003-05-29,"664 New Address Rd, Dundalk",Student,IE71BOFI955687
153,0.997,Jessica Gonzalez355,M,1999-07-22,"600 Griffith Ave, Galway",Admin,IE23BOFI903526
153,0.997,Jessica Gonzalez355,M,1999-07-22,"600 Griffith Ave, Galway",Admin,IE23BOFI903526
154,0.996,Karen Miller361,F,1987-01-30,"566 Shop St, Limerick",Technician,
154,0.996,Karen Miller361,,1987-01-30,"566 Shop St, Limerick",Technician,
154,0.996,Karen Miller361,,,"566 Shop St, Limerick",Technician,
155,0.948,Karen Miller259,M,1970-02-23,"651 Eyre Square, Bray",Admin,IE94BOFI952986
155,0.917,Karne Miller259,M,1970-02-23,"884 New Address Rd, Dundalk",Admin,IE94BOFI952986
155,0.935,Karen Miller25,,1970-02-23,"651 Eyre Square, Bray",Admin,IE94BOFI952986
156,0.996,SuperValu Ireland,,,"903 Grafton St, Waterford",,IE13BOFI908861
156,0.996,SuperValu Ireland,,,"903 Grafton St, Waterford",,IE13BOFI908861
157,0.505,Patricia Wilson621,F,1971-12-26,"702 Henry St, Galway",Sales,IE20BOFI984361
157,0.505,Patricia Wilson728,M,1973-06-23,"903 High St, Swords",Sales,IE90BOFI971059
158,0.965,Patricia Wilson689,M,1969-03-10,"511 Grafton St, Drogheda",Technician,IE85BOFI966630
158,0.965,Patricia Wilson689,M,,"950 New Address Rd, Galway",Technician,IE85BOFI966630
159,0.99,Susan Anderson64,F,1993-05-28,"592 O'Connell St, Navan",Accountant,IE24BOFI977828
159,0.99,Susan nAderson64,,1993-05-28,"592 O'Connell St, Navan",Accountant,IE24BOFI977828
160,0.995,Jessica Hernandez27,M,1975-03-11,"423 High St, Waterford",Farmer,IE76BOFI925998
160,0.995,Jessica Hernandez7,M,,"423 High St, Waterford",Farmer,IE76BOFI925998
161,0.911,Eir Group,,,"12 Main St, Dundalk",,IE90BOFI920932
161,0.696,Eir Group,,,"434 Eyre Square, Galway",,IE53BOFI983025
161,0.709,Ei Group,,,"12 Main St, Dundalk",,IE90BOFI920932
162,0.975,Elizabeth Davis604,F,1988-11-16,"58 Patrick St, Dundalk",Engineer,IE34BOFI963395
162,0.943,Elizabeth Davis604,,1988-11-16,"62 New Address Rd, Navan",Engineer,IE34BOFI963395
162,0.949,ElizabethDavis604,F,1988-11-16,"58 Patrick St, Dundalk",Engineer,IE34BOFI963395
163,0.966,Elizabeth Davis182,M,1998-08-23,"567 O'Connell St, Limerick",Retiree,IE36BOFI994396
163,0.966,Elizabeth Davis182,M,1998-08-23,"806 New Address Rd, Navan",,IE36BOFI994396
164,0.589,Sarah Williams242,F,1964-04-20,"851 Griffith Ave, Galway",Admin,IE59BOFI975940
164,0.589,Sarah Williams927,F,1993-06-07,"338 Griffith Ave, Cork",Director,
165,0.969,John Davis275,F,1972-10-05,"674 O'Connell St, Swords",Nurse,IE70BOFI914636
165,0.969,John Davis275,F,1972-10-05,"957 New Address Rd, Dublin",Nurse,IE70BOFI914636
166,0.991,John Davis230,M,1986-12-15,"602 Patrick St, Limerick",Teacher,IE76BOFI974231
166,0.991,John Dais230,M,1986-12-15,"602 Patrick St, Limerick",Teacher,IE76BOFI974231
167,0.975,Sarah Jones581,F,2004-10-02,"414 Patrick St, Dundalk",Doctor,IE21BOFI945266
167,0.975,Sarah Jones581,F,2004-10-02,"982 New Address Rd, Dublin",,IE21BOFI945266
168,0.997,Sarah Jones428,F,1971-07-11,"311 Eyre Square, Dundalk",Builder,
168,0.997,Sarah Jones428,F,,"311 Eyre Square, Dundalk",Builder,
169,0.929,Thomas Miller447,M,1975-10-12,"709 Eyre Square, Cork",Driver,IE22BOFI952078
169,0.929,ThomasM iller447,M,1975-10-12,"91 New Address Rd, Waterford",Driver,IE22BOFI952078
170,0.495,William Rodriguez621,M,1959-08-26,"472 High St, Drogheda",IT Consultant,IE65BOFI960336
170,0.561,William Rodriguez4,F,1984-02-06,"524 Shop St, Cork",Sales,IE96BOFI900698
170,0.659,William Rodriguez543,F,1988-04-27,"344 High St, Dundalk",Retiree,
170,0.726,Willam Rodriguez543,,,"344 High St, Dundalk",Retiree,
170,0.877,William Rodriguez4,F,,"559 New Address Rd, Drogheda",,IE96BOFI900698
171,0.991,William Rodriguez2,M,2002-04-21,"425 High St, Swords",Student,IE77BOFI950945
171,0.991,William Rodriguze2,,2002-04-21,"425 High St, Swords",Student,IE77BOFI950945
172,0.997,William Rodriguez833,M,2001-08-18,"150 Eyre Square, Waterford",Doctor,
172,0.997,William Rodriguez833,M,2001-08-18,"150 Eyre Square, Waterford",Doctor,
173,0.975,Susan Lopez142,M,1986-07-26,"81 Oak Park, Galway",Accountant,IE58BOFI968030
173,0.975,Susan Lopez142,M,1986-07-26,"651 New Address Rd, Dundalk",Accountant,IE58BOFI968030
174,0.969,Sarah Davis646,F,1951-01-21,"553 O'Connell St, Navan",Doctor,IE44BOFI949583
174,0.969,Sarah Davis646,F,1951-01-21,"101 New Address Rd, Bray",Doctor,IE44BOFI949583
175,0.997,Sarah Brown811,F,1963-05-25,"44 Oak Park, Limerick",Civil Servant,
175,0.997,Sarah Brown811,F,1963-05-25,"44 Oak Park, Limerick",Civil Servant,
176,0.569,Susan Rodriguez17,F,1980-01-22,"169 Main St, Limerick",Retiree,IE56BOFI988730
176,0.569,Susan Rodriguez689,F,1981-12-10,"59 Grafton St, Limerick",Farmer,
177,0.982,Susan Rodriguez978,M,1966-02-07,"882 Church Rd, Cork",Admin,IE23BOFI927861
177,0.982,Susan Rodriguez978,M,1966-02-07,"506 New Address Rd, Waterford",Admin,IE23BOFI927861
178,0.959,Aldi Ireland,,,"244 Oliver Plunkett St, Bray",,IE18BOFI961989
178,0.925,Aldi Ireland,,,"127 Main St, Waterford",,IE98BOFI960774
178,0.965,Aldi Ireland,,,"113 Griffith Ave, Cork",,
178,0.943,Aldi Ireland,,,"450 New Address Rd, Dublin",,IE18BOFI961989
178,0.959,Aldi Ireland,,,"244 Oliver Plunkett St, Bray",,IE18BOFI961989
178,0.959,Aldi Ireland,,,"244 Oliver Plunkett St, Bray",,IE18BOFI961989
179,0.771,Jessica Anderson91,M,1960-10-17,"191 Oak Park, Drogheda",Manager,
179,0.771,Jessica Anderson29,M,1955-02-23,"399 Patrick St, Dublin",Manager,IE58BOFI925360
180,0.542,Jessica Anderson434,F,2000-07-22,"294 Shop St, Swords",Farmer,IE91BOFI945564
180,0.542,Jessica Anderson161,M,1979-07-28,"637 Shop St, Swords",Teacher,
181,0.997,Lisa Williams828,F,1968-01-04,"793 Patrick St, Navan",Technician,IE34BOFI977153
181,0.997,Lisa Williams828,F,1968-01-04,"793 Patrick St, Navan",Technician,IE34BOFI977153
182,0.94,Lisa Williams739,M,1992-11-22,"696 Shop St, Galway",Teacher,IE99BOFI942704
182,0.94,Lis Williams739,M,1992-11-22,"723 New Address Rd, Limerick",Teacher,IE99BOFI942704
183,0.996,AIB Group,,,"263 Dame St, Swords",,IE25BOFI994347
183,0.996,AIB Group,,,"263 Dame St, Swords",,IE25BOFI994347
184,0.994,Linda Hernandez610,F,1950-03-23,"517 Patrick St, Bray",Teacher,
184,0.992,Linda Henrandez610,F,1950-03-23,"517 Patrick St, Bray",Teacher,
184,0.994,Linda Hernandez610,F,1950-03-23,"517 Patrick St, Bray",Teacher,
185,0.993,Linda Hernandez108,M,1988-07-07,"78 Seaview, Galway",Nurse,IE33BOFI930455
185,0.993,Linda Hrnandez108,,1988-07-07,"78 Seaview, Galway",Nurse,IE33BOFI930455
186,0.962,CRH PLC,,,"400 Oak Park, Bray",,IE48BOFI935502
186,0.973,CRH PLC,,,"261 Seaview, Galway",,
186,0.973,CRH PLC,,,"261 Seaview, Galway",,
187,0.885,CRH Holdings,,,"57 Eyre Square, Cork",,IE76BOFI902873
187,0.885,CRH Holdings,,,"847 Seaview, Galway",,IE79BOFI993276
188,0.539,Jennifer Williams510,F,1990-03-06,"459 High St, Navan",Nurse,
188,0.539,Jennifer Williams435,F,1999-04-07,"820 O'Connell St, Limerick",Student,
189,0.992,Richard Wilson809,F,1991-04-08,"518 O'Connell St, Limerick",Farmer,IE96BOFI929788
189,0.992,ichard Wilson809,,1991-04-08,"518 O'Connell St, Limerick",,IE96BOFI929788
190,0.956,Richard Wilson675,F,1950-03-17,"909 High St, Dublin",Engineer,IE19BOFI978132
190,0.956,Richard Wilson675,F,1950-03-17,"909 High St, Dublin",Engineer,IE19BOFI978132
190,0.938,Richad Wilson675,F,1950-03-17,"565 New Address Rd, Galway",,IE19BOFI978132
191,0.707,Susan Davis632,M,1973-04-04,"229 Oliver Plunkett St, Galway",Engineer,
191,0.586,Susan Davis102,F,1967-09-16,"569 Church Rd, Drogheda",Engineer,IE58BOFI994861
191,0.707,Susan Davis632,M,1973-04-04,"229 Oliver Plunkett St, Galway",,
192,0.992,Susan Davis68,F,1967-04-02,"677 Dame St, Swords",Technician,IE18BOFI905875
192,0.989,Susa nDavis68,F,1967-04-02,"677 Dame St, Swords",Technician,IE18BOFI905875
192,0.992,Susan Davis68,F,,"677 Dame St, Swords",,IE18BOFI905875
193,0.997,Susan Davis947,F,1975-08-02,"307 Church Rd, Navan",Technician,IE26BOFI996760
193,0.997,Susan Davis947,F,1975-08-02,"307 Church Rd, Navan",,IE26BOFI996760
194,0.997,Barbara Garcia597,F,1993-03-23,"355 High St, Drogheda",Student,IE66BOFI950131
194,0.997,Barbara Garcia597,F,1993-03-23,"355 High St, Drogheda",Student,IE66BOFI950131
195,0.997,Barbara Garcia415,M,1971-09-07,"920 Church Rd, Dundalk",Doctor,IE77BOFI987656
195,0.997,Barbara Garcia415,M,1971-09-07,"920 Church Rd, Dundalk",Doctor,IE77BOFI987656
196,0.98,Barbara Garcia36,M,2003-06-04,"490 Seaview, Navan",Teacher,IE71BOFI990348
196,0.98,Barbara Garcia36,,,"690 New Address Rd, Drogheda",Teacher,IE71BOFI990348
197,0.997,Linda Anderson318,M,1977-05-02,"928 Henry St, Waterford",Admin,IE13BOFI983296
197,0.997,Linda Anderson318,M,1977-05-02,"928 Henry St, Waterford",Admin,IE13BOFI983296
198,0.993,Linda Anderson476,M,1960-10-13,"373 Griffith Ave, Bray",Retiree,IE24BOFI929833
198,0.993,Linda Anerson476,M,1960-10-13,"373 Griffith Ave, Bray",Retiree,IE24BOFI929833
199,0.953,Elizabeth Gonzalez91,F,1995-03-28,"279 Eyre Square, Galway",Manager,
199,0.953,Elizabeth Gonzalez96,F,2001-08-06,"213 Eyre Square, Navan",Manager,IE53BOFI904255
200,0.81,Mary Gonzalez108,F,2003-02-02,"357 Grafton St, Dublin",Retiree,IE64BOFI950562
200,0.81,Mary Gonzalez14,F,1962-05-25,"119 Grafton St, Dublin",Teacher,
201,0.997,Mary Gonzalez283,F,1970-03-27,"676 Patrick St, Navan",Engineer,IE57BOFI934377
201,0.997,Mary Gonzalez283,F,1970-03-27,"676 Patrick St, Navan",Engineer,IE57BOFI934377
202,0.997,James Lopez630,M,1982-09-25,"502 Griffith Ave, Limerick",Builder,IE14BOFI940157
202,0.997,James Lopez630,M,1982-09-25,"502 Griffith Ave, Limerick",Builder,IE14BOFI940157
203,0.997,Linda Jackson472,F,1976-06-18,"519 O'Connell St, Dublin",Admin,
203,0.997,Linda Jackson472,F,1976-06-18,"519 O'Connell St, Dublin",,
204,0.925,Spar Holdings,,,"445 Griffith Ave, Dublin",,IE69BOFI959759
204,0.907,Spar Holdings,,,"280 Grafton St, Limerick",,IE66BOFI943385
204,0.922,Spar Holdings,,,"490 Dame St, Bray",,IE93BOFI901913
204,0.925,Spar Holdings,,,"445 Griffith Ave, Dublin",,IE69BOFI959759
205,0.588,William Garcia626,M,1987-07-27,"792 Henry St, Bray",Teacher,IE71BOFI905609
205,0.502,William Garcia452,M,1959-07-19,"186 Henry St, Navan",Manager,IE71BOFI941336
205,0.72,Willima Garcia626,M,1987-07-27,"792 Henry St, Bray",,IE71BOFI905609
206,0.997,William Garcia114,M,1990-04-02,"930 Oliver Plunkett St, Galway",Manager,IE41BOFI907187
206,0.997,William Garcia114,,1990-04-02,"930 Oliver Plunkett St, Galway",Manager,IE41BOFI907187
207,0.902,Lidl Limited,,,"23 Oliver Plunkett St, Navan",,IE11BOFI950955
207,0.739,Lidl Limited,,,"193 Church Rd, Drogheda",,IE44BOFI915606
207,0.758,Lid Limited,,,"23 Oliver Plunkett St, Navan",,IE11BOFI950955
208,0.995,Jennifer Rodriguez858,F,1963-12-18,"661 Griffith Ave, Waterford",IT Consultant,IE88BOFI930286
208,0.993,Jennife rRodriguez858,F,1963-12-18,"661 Griffith Ave, Waterford",IT Consultant,IE88BOFI930286
208,0.995,Jennifer Rodriguez858,F,1963-12-18,"661 Griffith Ave, Waterford",IT Consultant,IE88BOFI930286
209,0.992,David Gonzalez300,F,1978-04-19,"54 Church Rd, Waterford",Manager,IE59BOFI904607
209,0.987,Davd Gonzalez300,F,,"54 Church Rd, Waterford",Manager,IE59BOFI904607
209,0.987,avid Gonzalez300,,1978-04-19,"54 Church Rd, Waterford",Manager,IE59BOFI904607
210,0.991,Joseph Taylor794,M,1964-04-19,"54 Dame St, Navan",IT Consultant,IE75BOFI923659
210,0.991,Joseph Tayolr794,M,,"54 Dame St, Navan",,IE75BOFI923659
211,0.965,Joseph Taylor65,M,1979-04-11,"435 Griffith Ave, Galway",Manager,IE60BOFI980602
211,0.965,Joseph Taylor65,M,1979-04-11,"141 New Address Rd, Navan",Manager,IE60BOFI980602
212,0.993,Joseph Taylor274,M,1973-09-13,"730 Oliver Plunkett St, Bray",Teacher,IE64BOFI950554
212,0.993,Joseph Tayor274,M,1973-09-13,"730 Oliver Plunkett St, Bray",Teacher,IE64BOFI950554
213,0.758,Richard Moore566,F,1989-09-03,"554 Seaview, Cork",Director,IE23BOFI928982
213,0.803,Richard Moore568,F,1957-05-22,"133 Dame St, Waterford",Director,IE66BOFI901452
213,0.803,Richard Moore568,F,1957-05-22,"133 Dame St, Waterford",Director,IE66BOFI901452
213,0.803,Richard Moore568,F,1957-05-22,"133 Dame St, Waterford",Director,IE66BOFI901452
213,0.758,Richard Moore566,F,1989-09-03,"554 Seaview, Cork",Director,IE23BOFI928982
214,0.997,Sarah Martin29,F,1975-11-02,"296 Eyre Square, Drogheda",Manager,
214,0.997,Sarah Martin29,F,1975-11-02,"296 Eyre Square, Drogheda",Manager,
215,0.997,Sarah Martin287,M,1982-10-18,"474 Grafton St, Drogheda",Student,IE27BOFI946018
215,0.997,Sarah Martin287,,1982-10-18,"474 Grafton St, Drogheda",Student,IE27BOFI946018
216,0.991,Sarah Moore913,F,1956-06-14,"460 Oak Park, Dublin",Manager,
216,0.991,SarahMoore913,F,1956-06-14,"460 Oak Park, Dublin",Manager,
217,0.972,Spar Group,,,"134 Oliver Plunkett St, Galway",,IE50BOFI969753
217,0.96,Spar Group,,,"62 Oliver Plunkett St, Limerick",,IE49BOFI903838
217,0.972,Spar Group,,,"134 Oliver Plunkett St, Galway",,IE50BOFI969753
218,0.997,Karen Johnson530,F,1977-09-22,"219 Main St, Drogheda",Student,IE54BOFI912654
218,0.997,Karen Johnson530,F,1977-09-22,"219 Main St, Drogheda",Student,IE54BOFI912654
219,0.997,Karen Johnson143,M,1991-05-06,"632 Oak Park, Dublin",Technician,IE18BOFI968508
219,0.997,Karen Johnson143,M,1991-05-06,"632 Oak Park, Dublin",Technician,IE18BOFI968508
219,0.997,Karen Johnson143,,1991-05-06,"632 Oak Park, Dublin",Technician,IE18BOFI968508
220,0.996,Patricia Davis615,F,1959-02-10,"284 Grafton St, Dublin",IT Consultant,IE55BOFI936288
220,0.996,Patricia Davis615,,,"284 Grafton St, Dublin",IT Consultant,IE55BOFI936288
221,0.876,Aviva Ltd,,,"746 Grafton St, Bray",,IE70BOFI908413
221,0.876,Aviva Ltd,,,"362 High St, Dublin",,IE23BOFI979870
222,0.997,Mary Hernandez838,M,2000-04-28,"550 Grafton St, Swords",Driver,IE97BOFI986412
222,0.997,Mary Hernandez838,M,2000-04-28,"550 Grafton St, Swords",Driver,IE97BOFI986412
223,0.997,Joseph Williams325,M,1990-08-27,"993 Seaview, Cork",Student,IE41BOFI989433
223,0.997,Joseph Williams325,M,1990-08-27,"993 Seaview, Cork",Student,IE41BOFI989433
224,0.997,Mary Taylor389,M,1998-11-24,"237 Shop St, Swords",Civil Servant,IE42BOFI992312
224,0.997,Mary Taylor389,M,1998-11-24,"237 Shop St, Swords",Civil Servant,IE42BOFI992312
225,0.993,Lisa Hernandez654,F,1989-03-19,"313 Seaview, Limerick",Nurse,IE25BOFI980228
225,0.993,Lisa ernandez654,F,1989-03-19,"313 Seaview, Limerick",Nurse,IE25BOFI980228
226,0.949,Patricia Jones776,F,2005-03-29,"798 Main St, Waterford",Admin,IE44BOFI991937
226,0.949,Patricia Jones776,F,2005-03-29,"798 Main St, Waterford",Admin,IE44BOFI991937
226,0.928,Particia Jones776,F,2005-03-29,"29 New Address Rd, Drogheda",Admin,IE44BOFI991937
227,0.96,Patricia Jones953,F,1960-05-19,"222 O'Connell St, Limerick",Nurse,IE18BOFI927020
227,0.96,Patricia Jones953,,1960-05-19,"149 New Address Rd, Swords",,IE18BOFI927020
228,0.824,Joseph Martin975,M,1956-05-07,"391 Shop St, Navan",Accountant,
228,0.824,Joseph Martin259,M,1993-05-27,"261 O'Connell St, Bray",Accountant,IE27BOFI990091
229,0.916,Robert Lopez585,F,1992-06-12,"474 Henry St, Drogheda",Retiree,IE92BOFI940297
229,0.916,Roert Lopez585,F,1992-06-12,"25 New Address Rd, Galway",Retiree,IE92BOFI940297
230,0.756,Robert Lopez526,M,1954-06-28,"595 High St, Galway",Student,
230,0.694,Robert Lopez655,M,1977-11-19,"417 O'Connell St, Dublin",Student,IE92BOFI902198
230,0.756,Robert Lopez526,M,1954-06-28,"595 High St, Galway",Student,
230,0.693,Robert Lopez655,M,1977-11-19,"417 O'Connell St, Dublin",,IE92BOFI902198
230,0.738,Robert Lopez526,,1954-06-28,"595 High St, Galway",Student,
231,0.966,Michael Moore982,M,2004-12-13,"310 Eyre Square, Limerick",Student,IE27BOFI963668
231,0.966,Michael Moore982,M,2004-12-13,"61 New Address Rd, Drogheda",Student,IE27BOFI963668
232,0.997,Michael Moore189,M,1965-09-27,"45 Eyre Square, Dundalk",Nurse,IE56BOFI917413
232,0.997,Michael Moore189,,1965-09-27,"45 Eyre Square, Dundalk",Nurse,IE56BOFI917413
233,0.987,Michael Moore564,F,1968-06-16,"577 Church Rd, Dundalk",Engineer,IE42BOFI947066
233,0.987,Michael Moore564,,,"570 New Address Rd, Dundalk",Engineer,IE42BOFI947066
234,0.949,Michael Moore766,M,1970-10-30,"517 Dame St, Galway",Manager,IE99BOFI959387
234,0.949,Michael Moore66,M,1970-10-30,"981 New Address Rd, Dublin",Manager,IE99BOFI959387
235,0.957,Sarah Rodriguez755,F,1995-08-13,"701 Church Rd, Cork",Student,IE39BOFI921607
235,0.957,Sarh Rodriguez755,F,1995-08-13,"482 New Address Rd, Swords",Student,IE39BOFI921607
236,0.997,Sarah Rodriguez557,M,2003-03-30,"489 Henry St, Swords",Admin,IE62BOFI917232
236,0.997,Sarah Rodriguez557,M,2003-03-30,"489 Henry St, Swords",Admin,IE62BOFI917232
237,0.997,Sarah Rodriguez256,F,1978-09-28,"570 Shop St, Galway",Teacher,IE62BOFI930664
237,0.997,Sarah Rodriguez256,F,1978-09-28,"570 Shop St, Galway",Teacher,IE62BOFI930664
238,0.929,Sarah Rodriguez335,M,1964-03-27,"83 Oak Park, Drogheda",Manager,IE30BOFI968038
238,0.929,Sarah Rodrigue3z35,M,,"188 New Address Rd, Navan",Manager,IE30BOFI968038
239,0.544,William Moore804,F,1992-01-13,"137 Shop St, Swords",Farmer,IE42BOFI997136
239,0.518,William Moore596,F,1959-01-25,"902 Eyre Square, Limerick",Manager,
239,0.7,William Moore956,F,1997-12-08,"223 Patrick St, Limerick",Farmer,IE65BOFI997707
239,0.7,William Moore956,F,1997-12-08,"223 Patrick St, Limerick",Farmer,IE65BOFI997707
239,0.862,William Moore956,F,,"223 Patrick St, Limerick",Farmer,IE65BOFI997707
239,0.7,William Moore956,F,1997-12-08,"223 Patrick St, Limerick",Farmer,IE65BOFI997707
240,0.997,Mary Davis2,M,1972-05-20,"554 Oliver Plunkett St, Navan",IT Consultant,IE26BOFI900402
240,0.997,Mary Davis2,M,1972-05-20,"554 Oliver Plunkett St, Navan",IT Consultant,IE26BOFI900402
241,0.867,Barbara Jones877,M,1999-05-25,"218 High St, Bray",Technician,IE44BOFI940914
241,0.928,Barbara Jones995,M,1994-04-29,"64 Shop St, Bray",Technician,
241,0.928,Barbara Jones995,M,1994-04-29,"64 Shop St, Bray",,
241,0.837,BarbaraJones995,,1994-04-29,"64 Shop St, Bray",,
241,0.863,Barbara Jones877,,1999-05-25,"218 High St, Bray",Technician,IE44BOFI940914
242,0.997,Barbara Jones704,F,1983-02-02,"494 Oak Park, Limerick",Builder,IE77BOFI984583
242,0.997,Barbara Jones704,F,1983-02-02,"494 Oak Park, Limerick",Builder,IE77BOFI984583
243,0.993,Barbara Jones797,F,1999-08-01,"261 Grafton St, Bray",Driver,IE52BOFI932030
243,0.993,Barbar Jones797,F,1999-08-01,"261 Grafton St, Bray",Driver,IE52BOFI932030
244,0.971,Michael Taylor671,F,1955-01-08,"958 Grafton St, Dundalk",Doctor,IE57BOFI962286
244,0.971,Michael Taylor671,F,,"459 New Address Rd, Galway",Doctor,IE57BOFI962286
245,0.996,CRH Ireland,,,"980 Oliver Plunkett St, Limerick",,IE13BOFI906779
245,0.996,CRH Ireland,,,"980 Oliver Plunkett St, Limerick",,IE13BOFI906779
246,0.997,Michael Hernandez149,F,1972-02-07,"282 High St, Dublin",Driver,IE39BOFI916096
246,0.997,Michael Hernandez149,,1972-02-07,"282 High St, Dublin",Driver,IE39BOFI916096
247,0.993,Michael Hernandez897,M,1965-11-24,"739 Seaview, Dundalk",Driver,IE15BOFI944685
247,0.993,Michael Herandez897,,,"739 Seaview, Dundalk",,IE15BOFI944685
248,0.59,Elizabeth Jones263,M,1979-11-08,"216 Patrick St, Navan",Sales,
248,0.53,Elizabeth Jones268,F,1995-01-21,"612 Grafton St, Dublin",Student,IE85BOFI978542
248,0.771,Elizabeth Jones263,M,,"216 Patrick St, Navan",Sales,
249,0.997,Thomas Garcia857,M,1955-06-06,"142 Oliver Plunkett St, Drogheda",Director,
249,0.997,Thomas Garcia857,M,1955-06-06,"142 Oliver Plunkett St, Drogheda",Director,
250,0.994,Thomas Garcia538,M,1991-01-12,"99 High St, Drogheda",Teacher,IE86BOFI921197
250,0.99,Thomas Gracia538,M,,"99 High St, Drogheda",Teacher,IE86BOFI921197
250,0.994,Thomas Garcia538,M,1991-01-12,"99 High St, Drogheda",Teacher,IE86BOFI921197
250,0.993,Thomas Garcia53,,1991-01-12,"99 High St, Drogheda",Teacher,IE86BOFI921197
251,0.512,Thomas Garcia585,M,1966-08-03,"817 Church Rd, Bray",Student,IE93BOFI969567
251,0.654,Thomas Garcia195,M,2004-10-21,"581 Dame St, Waterford",Student,
251,0.519,Thomas Garcia294,F,2001-08-31,"987 Oak Park, Galway",Student,
252,0.888,Jennifer Lopez567,M,1974-04-20,"821 Patrick St, Waterford",Sales,
252,0.842,Jennifer Lopez950,M,1951-10-31,"78 Patrick St, Dundalk",Sales,IE34BOFI982108
252,0.888,Jennifer Lopez567,M,1974-04-20,"821 Patrick St, Waterford",Sales,
253,0.991,Jennifer Lopez386,F,1963-08-13,"711 Patrick St, Swords",Technician,IE10BOFI953878
253,0.991,Jennifer Lopze386,,1963-08-13,"711 Patrick St, Swords",Technician,IE10BOFI953878
254,0.975,Linda Martinez869,M,1975-09-23,"237 Henry St, Dublin",Civil Servant,IE84BOFI969554
254,0.975,Linda Martinez869,M,,"695 New Address Rd, Waterford",Civil Servant,IE84BOFI969554
255,0.992,Linda Martinez130,F,2005-08-24,"368 Eyre Square, Swords",Manager,IE62BOFI969366
255,0.992,Linda Matrinez130,F,2005-08-24,"368 Eyre Square, Swords",Manager,IE62BOFI969366
256,0.973,Jennifer Taylor535,M,2002-02-10,"807 Henry St, Waterford",Accountant,IE90BOFI930814
256,0.973,Jennifer Taylor535,M,2002-02-10,"696 New Address Rd, Drogheda",Accountant,IE90BOFI930814
257,0.994,Jennifer Taylor424,F,2002-01-02,"833 Eyre Square, Dublin",Teacher,IE26BOFI940252
257,0.994,Jennifer Taylor424,F,2002-01-02,"833 Eyre Square, Dublin",Teacher,IE26BOFI940252
257,0.991,Jennifer Tayolr424,,2002-01-02,"833 Eyre Square, Dublin",Teacher,IE26BOFI940252
258,0.983,Lisa Gonzalez109,F,1951-03-23,"675 Patrick St, Galway",IT Consultant,IE15BOFI970098
258,0.953,Lis aGonzalez109,,1951-03-23,"675 Patrick St, Galway",IT Consultant,IE15BOFI970098
258,0.951,Lisa Gonzalez109,F,1951-03-23,"626 New Address Rd, Waterford",IT Consultant,IE15BOFI970098
259,0.993,Lisa Gonzalez447,M,1978-06-20,"733 Eyre Square, Bray",Admin,IE99BOFI938095
259,0.993,Lisa Gonalez447,M,1978-06-20,"733 Eyre Square, Bray",Admin,IE99BOFI938095
260,0.961,Jennifer Thomas655,M,1950-06-14,"2 Henry St, Waterford",Nurse,IE29BOFI901665
260,0.901,Jenifer Thomas655,M,1950-06-14,"246 New Address Rd, Limerick",Nurse,IE29BOFI901665
260,0.909,Jennifer Thomas565,M,1950-06-14,"2 Henry St, Waterford",Nurse,IE29BOFI901665
261,0.614,John Miller570,F,1978-07-02,"646 Church Rd, Bray",Farmer,IE15BOFI915275
261,0.614,John Miller229,F,1997-08-28,"765 Dame St, Swords",Farmer,
262,0.989,John Miller831,F,1974-07-25,"707 Henry St, Limerick",Engineer,IE53BOFI912695
262,0.989,John Milelr831,,1974-07-25,"707 Henry St, Limerick",Engineer,IE53BOFI912695
263,0.997,Mary Moore278,M,1963-12-21,"579 Seaview, Galway",Director,IE99BOFI926607
263,0.997,Mary Moore278,M,1963-12-21,"579 Seaview, Galway",Director,IE99BOFI926607
264,0.947,Richard Hernandez640,M,2003-05-01,"339 Oak Park, Drogheda",Teacher,IE12BOFI979058
264,0.947,Richar dHernandez640,M,2003-05-01,"341 New Address Rd, Dundalk",Teacher,IE12BOFI979058
265,0.79,Richard Hernandez381,M,1964-02-12,"244 O'Connell St, Drogheda",Director,
265,0.811,Richard Hernandez609,F,2000-08-17,"533 O'Connell St, Limerick",Director,
265,0.907,Richard Hernandez609,,2000-08-17,"533 O'Connell St, Limerick",,
266,0.997,James Martin492,M,1970-05-23,"260 Seaview, Swords",Driver,
266,0.997,James Martin492,M,,"260 Seaview, Swords",,
267,0.503,Jennifer Anderson78,M,1955-10-10,"496 Oliver Plunkett St, Navan",Driver,IE96BOFI991823
267,0.503,Jennifer Anderson429,M,1978-12-16,"953 Griffith Ave, Cork",Builder,
268,0.592,Jessica Martin726,M,1991-11-15,"997 Main St, Cork",Nurse,
268,0.519,Jessica Martin391,F,1980-03-21,"32 Eyre Square, Galway",Nurse,IE48BOFI953243
268,0.592,Jessica Martin726,M,1991-11-15,"997 Main St, Cork",Nurse,
268,0.676,Jessica Maritn391,F,,"987 New Address Rd, Dublin",Nurse,IE48BOFI953243
269,0.997,Susan Brown614,F,1954-12-17,"88 Patrick St, Dublin",Student,IE69BOFI985737
269,0.997,Susan Brown614,F,1954-12-17,"88 Patrick St, Dublin",Student,IE69BOFI985737
270,0.989,Susan Brown205,M,1960-10-13,"313 Main St, Limerick",Civil Servant,
270,0.989,Susan rBown205,M,,"313 Main St, Limerick",Civil Servant,
271,0.952,Ryanair Limited,,,"898 High St, Dundalk",,
271,0.957,Ryanair Limited,,,"725 Griffith Ave, Drogheda",,
271,0.944,Ryanar Limited,,,"898 High St, Dundalk",,
271,0.94,Ryanari Limited,,,"725 Griffith Ave, Drogheda",,
272,0.99,Centra Limited,,,"68 High St, Drogheda",,IE75BOFI921135
272,0.99,Centra Limted,,,"68 High St, Drogheda",,IE75BOFI921135
273,0.931,Dunnes Services,,,"406 Dame St, Cork",,IE51BOFI937895
273,0.931,Dunnes Services,,,"203 Shop St, Bray",,IE89BOFI990913
274,0.991,Sarah Smith756,F,1952-11-20,"693 Dame St, Navan",Admin,IE40BOFI982886
274,0.991,Sarah Smih756,,1952-11-20,"693 Dame St, Navan",Admin,IE40BOFI982886
275,0.997,Sarah Smith530,F,1986-02-22,"185 Griffith Ave, Dublin",Manager,
275,0.997,Sarah Smith530,F,1986-02-22,"185 Griffith Ave, Dublin",Manager,
275,0.997,Sarah Smith530,F,1986-02-22,"185 Griffith Ave, Dublin",Manager,
276,0.994,Michael Anderson455,M,1999-03-30,"159 Dame St, Navan",Retiree,
276,0.992,Michael Andreson455,M,,"159 Dame St, Navan",,
276,0.994,Michael Anderson455,M,1999-03-30,"159 Dame St, Navan",Retiree,
277,0.991,Joseph Davis563,F,1973-08-04,"49 O'Connell St, Bray",Director,IE72BOFI984543
277,0.991,Joseph aDvis563,F,1973-08-04,"49 O'Connell St, Bray",Director,IE72BOFI984543
278,0.997,Lisa Lopez933,F,1987-02-14,"869 O'Connell St, Bray",Student,IE23BOFI945997
278,0.997,Lisa Lopez933,F,1987-02-14,"869 O'Connell St, Bray",Student,IE23BOFI945997
279,0.649,James Smith82,M,1996-12-23,"44 Henry St, Cork",Admin,IE31BOFI962086
279,0.761,James Smith182,M,1951-05-25,"960 Dame St, Swords",Admin,IE60BOFI914072
279,0.743,James Smith182,,1951-05-25,"960 Dame St, Swords",Admin,IE60BOFI914072
280,0.992,Joseph Moore678,F,1958-05-25,"517 Henry St, Cork",Admin,
280,0.992,Joseph More678,F,1958-05-25,"517 Henry St, Cork",Admin,
281,0.993,Karen Jackson450,F,1997-08-30,"55 Church Rd, Drogheda",Sales,IE17BOFI907723
281,0.991,aKren Jackson450,F,,"55 Church Rd, Drogheda",Sales,IE17BOFI907723
281,0.993,Karen Jackson450,F,,"55 Church Rd, Drogheda",Sales,IE17BOFI907723
282,0.993,Karen Jackson808,M,1974-01-03,"728 Shop St, Dublin",Nurse,IE93BOFI929222
282,0.993,Karen Jacksn808,M,1974-01-03,"728 Shop St, Dublin",Nurse,IE93BOFI929222
283,0.992,Patricia Johnson876,F,2003-08-04,"106 Church Rd, Cork",Accountant,IE28BOFI908917
283,0.992,Patricia Johnso8n76,F,,"106 Church Rd, Cork",Accountant,IE28BOFI908917
284,0.996,Barbara Martinez274,F,2004-04-08,"377 High St, Swords",Builder,
284,0.996,Barbara Martinez274,,2004-04-08,"377 High St, Swords",Builder,
285,0.983,Karen Moore187,M,1979-07-16,"728 High St, Dundalk",Student,IE57BOFI959116
285,0.983,Karen Moore187,M,1979-07-16,"404 New Address Rd, Dundalk",,IE57BOFI959116
286,0.997,Susan Thomas673,M,1965-03-31,"731 O'Connell St, Dublin",Engineer,IE18BOFI919296
286,0.997,Susan Thomas673,M,1965-03-31,"731 O'Connell St, Dublin",Engineer,IE18BOFI919296
287,0.992,Susan Thomas476,M,1996-05-03,"611 Dame St, Swords",Builder,IE96BOFI917096
287,0.992,SusanThomas476,M,,"611 Dame St, Swords",,IE96BOFI917096
288,0.954,Lisa Davis283,F,1961-04-08,"91 Oliver Plunkett St, Drogheda",Technician,IE91BOFI948175
288,0.954,Lisa avis283,F,1961-04-08,"586 New Address Rd, Drogheda",Technician,IE91BOFI948175
289,0.938,Joseph Lopez896,F,1982-03-11,"203 Eyre Square, Navan",Farmer,IE68BOFI980680
289,0.938,Joseph Lopez96,F,1982-03-11,"285 New Address Rd, Dublin",Farmer,IE68BOFI980680
290,0.546,David Garcia434,F,1989-08-09,"60 Shop St, Bray",Civil Servant,IE20BOFI988376
290,0.546,David Garcia898,F,1967-12-04,"47 Church Rd, Swords",Civil Servant,IE69BOFI983676
291,0.993,James Miller587,M,1993-06-01,"226 Grafton St, Dundalk",Director,IE28BOFI906984
291,0.993,James Miller587,M,1993-06-01,"226 Grafton St, Dundalk",Director,IE28BOFI906984
291,0.991,James Milelr587,M,1993-06-01,"226 Grafton St, Dundalk",Director,IE28BOFI906984
292,0.99,Robert Jones875,F,1977-07-09,"138 Eyre Square, Galway",Sales,IE40BOFI941767
292,0.99,Robret Jones875,,1977-07-09,"138 Eyre Square, Galway",Sales,IE40BOFI941767
293,0.997,Robert Rodriguez969,F,1951-04-26,"942 Main St, Swords",Sales,IE81BOFI935020
293,0.997,Robert Rodriguez969,F,1951-04-26,"942 Main St, Swords",Sales,IE81BOFI935020
294,0.946,Robert Rodriguez921,F,2004-09-03,"605 Patrick St, Bray",Manager,IE59BOFI978383
294,0.946,Rober Rodriguez921,F,,"735 New Address Rd, Cork",Manager,IE59BOFI978383
295,0.992,Robert Rodriguez633,M,1981-04-29,"349 Seaview, Navan",Doctor,
295,0.992,Robert Roriguez633,,1981-04-29,"349 Seaview, Navan",Doctor,
296,0.98,Vodafone Services,,,"570 Main St, Bray",,IE64BOFI998242
296,0.98,Vodafone Services,,,"570 Main St, Bray",,IE64BOFI998242
296,0.972,Vodafone Services,,,"227 New Address Rd, Dundalk",,IE64BOFI998242
297,0.938,Tesco Ireland,,,"788 Eyre Square, Drogheda",,IE92BOFI959281
297,0.938,Tesco Ireland,,,"505 Main St, Navan",,
297,0.972,Tesco Ireland,,,"238 New Address Rd, Dundalk",,IE92BOFI959281
297,0.918,Tesco Ieland,,,"380 New Address Rd, Cork",,IE92BOFI959281
298,0.979,Mary Brown825,F,1960-02-09,"645 O'Connell St, Drogheda",Driver,IE70BOFI934184
298,0.97,Mary Brown825,F,1960-02-09,"176 New Address Rd, Limerick",Driver,IE70BOFI934184
298,0.979,Mary Brown825,F,1960-02-09,"645 O'Connell St, Drogheda",Driver,IE70BOFI934184
299,0.997,Joseph Garcia877,M,1953-06-07,"346 Dame St, Swords",Sales,IE32BOFI944638
299,0.997,Joseph Garcia877,M,1953-06-07,"346 Dame St, Swords",Sales,IE32BOFI944638
300,0.997,Joseph Garcia755,M,1962-04-09,"657 Patrick St, Drogheda",Retiree,IE97BOFI991909
300,0.997,Joseph Garcia755,M,1962-04-09,"657 Patrick St, Drogheda",Retiree,IE97BOFI991909
300,0.996,Joseph Garcia755,,,"657 Patrick St, Drogheda",Retiree,IE97BOFI991909
301,0.991,Joseph Garcia979,M,1995-03-29,"282 Church Rd, Limerick",Nurse,IE34BOFI983060
301,0.991,JosephG arcia979,M,,"282 Church Rd, Limerick",Nurse,IE34BOFI983060
302,0.997,Sarah Garcia317,F,2003-04-10,"739 Grafton St, Dublin",Admin,IE61BOFI917448
302,0.997,Sarah Garcia317,F,2003-04-10,"739 Grafton St, Dublin",,IE61BOFI917448
303,0.995,Elizabeth Hernandez718,M,1988-11-22,"676 Main St, Navan",Student,
303,0.995,Elizabeth Hernandez718,M,1988-11-22,"676 Main St, Navan",Student,
303,0.994,Eliabeth Hernandez718,M,1988-11-22,"676 Main St, Navan",Student,
304,0.983,Aviva PLC,,,"685 Grafton St, Limerick",,
304,0.983,Aviva PLC,,,"603 Dame St, Cork",,
305,0.901,Smurfit Kappa Services,,,"997 Grafton St, Cork",,IE42BOFI953091
305,0.93,Smurfit Kappa Services,,,"835 Dame St, Bray",,IE64BOFI919547
305,0.93,Smurfit Kappa Services,,,"835 Dame St, Bray",,IE64BOFI919547
306,0.929,Lisa Thomas186,M,1959-05-11,"438 Henry St, Navan",IT Consultant,IE37BOFI986816
306,0.929,iLsa Thomas186,M,1959-05-11,"820 New Address Rd, Limerick",IT Consultant,IE37BOFI986816
307,0.976,Kingspan Ireland,,,"133 Oak Park, Navan",,IE21BOFI906891
307,0.976,Kingspan Ireland,,,"863 O'Connell St, Waterford",,
308,0.997,Richard Garcia226,F,1967-04-08,"833 Henry St, Navan",Technician,IE99BOFI951514
308,0.997,Richard Garcia226,F,1967-04-08,"833 Henry St, Navan",,IE99BOFI951514
309,0.981,Mary Miller854,M,1980-06-29,"502 Oak Park, Bray",Builder,IE61BOFI982763
309,0.981,Mary Miller854,M,1980-06-29,"556 New Address Rd, Bray",Builder,IE61BOFI982763
310,0.971,Mary Miller393,F,1980-06-21,"98 O'Connell St, Navan",Student,IE10BOFI929915
310,0.971,Mary Miller393,F,,"917 New Address Rd, Limerick",,IE10BOFI929915
311,0.989,Mary Lopez540,F,1954-12-31,"679 Main St, Swords",Retiree,IE63BOFI981419
311,0.989,MaryL opez540,F,1954-12-31,"679 Main St, Swords",Retiree,IE63BOFI981419
312,0.997,Richard Davis889,M,1979-10-31,"555 Dame St, Drogheda",Builder,IE43BOFI944084
312,0.997,Richard Davis889,M,1979-10-31,"555 Dame St, Drogheda",Builder,IE43BOFI944084
313,0.991,Richard Davis801,M,1981-11-07,"9 Church Rd, Cork",Student,
313,0.991,Richard Dvais801,M,1981-11-07,"9 Church Rd, Cork",Student,
314,0.968,Aviva Holdings,,,"338 Grafton St, Drogheda",,IE95BOFI997840
314,0.968,Aviva Holdings,,,"76 New Address Rd, Dundalk",,IE95BOFI997840
315,0.997,Mary Smith193,M,2002-02-04,"664 O'Connell St, Limerick",Manager,IE84BOFI904345
315,0.997,Mary Smith193,M,2002-02-04,"664 O'Connell St, Limerick",Manager,IE84BOFI904345
316,0.971,Mary Smith160,F,1951-07-19,"908 O'Connell St, Limerick",Accountant,IE84BOFI928901
316,0.971,Mary Smith160,F,1951-07-19,"592 New Address Rd, Cork",Accountant,IE84BOFI928901
317,0.997,Barbara Lopez175,M,1976-08-03,"285 Oak Park, Navan",Civil Servant,
317,0.997,Barbara Lopez175,M,1976-08-03,"285 Oak Park, Navan",Civil Servant,
318,0.997,Michael Johnson268,M,1965-07-16,"419 Grafton St, Drogheda",Teacher,IE91BOFI965125
318,0.997,Michael Johnson268,,1965-07-16,"419 Grafton St, Drogheda",Teacher,IE91BOFI965125
319,0.958,Michael Johnson829,M,1979-12-24,"221 O'Connell St, Cork",Sales,IE66BOFI951073
319,0.941,Mihcael Johnson829,M,1979-12-24,"264 New Address Rd, Dublin",Sales,IE66BOFI951073
319,0.958,Michael Johnson829,M,1979-12-24,"221 O'Connell St, Cork",Sales,IE66BOFI951073
320,0.932,CRH Limited,,,"148 Shop St, Bray",,IE83BOFI979566
320,0.932,CRH Limited,,,"20 Seaview, Dublin",,IE86BOFI979585
321,0.992,James Rodriguez130,F,2004-10-22,"325 Griffith Ave, Drogheda",Civil Servant,IE39BOFI905358
321,0.992,aJmes Rodriguez130,F,2004-10-22,"325 Griffith Ave, Drogheda",Civil Servant,IE39BOFI905358
322,0.994,John Jackson847,M,1954-04-12,"76 Grafton St, Swords",IT Consultant,IE25BOFI917305
322,0.992,Jon Jackson847,M,1954-04-12,"76 Grafton St, Swords",IT Consultant,IE25BOFI917305
322,0.994,John Jackson847,M,1954-04-12,"76 Grafton St, Swords",IT Consultant,IE25BOFI917305
323,0.959,DCC Holdings,,,"929 Shop St, Dundalk",,
323,0.959,DCC Holdings,,,"554 Church Rd, Navan",,IE16BOFI974651
324,0.993,Jennifer Martin148,M,2001-10-19,"567 Seaview, Cork",Technician,IE26BOFI981099
324,0.993,Jennifr Martin148,M,2001-10-19,"567 Seaview, Cork",,IE26BOFI981099
325,0.993,David Miller614,M,1951-02-26,"935 Grafton St, Bray",Director,IE43BOFI912489
325,0.993,David Miller614,M,,"935 Grafton St, Bray",Director,IE43BOFI912489
325,0.99,David Millre614,M,,"935 Grafton St, Bray",,IE43BOFI912489
326,0.991,William Brown949,M,2000-03-31,"56 Patrick St, Dundalk",Director,IE57BOFI917745
326,0.991,William Bronw949,M,2000-03-31,"56 Patrick St, Dundalk",,IE57BOFI917745
327,0.997,Elizabeth Rodriguez373,M,2005-07-28,"345 Shop St, Bray",Accountant,IE85BOFI908351
327,0.997,Elizabeth Rodriguez373,,2005-07-28,"345 Shop St, Bray",,IE85BOFI908351
328,0.995,Elizabeth Rodriguez929,F,1977-06-08,"439 Eyre Square, Limerick",Sales,
328,0.995,Elizabeth Rodriguez929,F,1977-06-08,"439 Eyre Square, Limerick",Sales,
328,0.992,Elizabeth Rodrigeuz929,,1977-06-08,"439 Eyre Square, Limerick",Sales,
328,0.995,Elizabeth Rodriguez929,,1977-06-08,"439 Eyre Square, Limerick",Sales,
329,0.993,Linda Gonzalez512,M,2004-10-18,"484 Oliver Plunkett St, Navan",Civil Servant,IE59BOFI961968
329,0.989,Linda Gonzalez52,M,2004-10-18,"484 Oliver Plunkett St, Navan",,IE59BOFI961968
329,0.988,Lnida Gonzalez512,M,2004-10-18,"484 Oliver Plunkett St, Navan",,IE59BOFI961968
330,0.992,Linda Gonzalez152,F,1990-03-28,"697 Main St, Galway",Student,IE59BOFI929275
330,0.992,Lnida Gonzalez152,F,1990-03-28,"697 Main St, Galway",Student,IE59BOFI929275
331,0.988,Mary Wilson303,F,1959-03-23,"790 Oak Park, Dundalk",Retiree,
331,0.988,aMry Wilson303,,1959-03-23,"790 Oak Park, Dundalk",Retiree,
332,0.993,Mary Wilson64,F,1954-08-31,"690 Oliver Plunkett St, Bray",Farmer,
332,0.993,Mary Wilson4,F,,"690 Oliver Plunkett St, Bray",Farmer,
333,0.997,Karen Martinez233,M,1996-11-13,"846 Oliver Plunkett St, Limerick",Retiree,IE32BOFI929147
333,0.997,Karen Martinez233,M,1996-11-13,"846 Oliver Plunkett St, Limerick",Retiree,IE32BOFI929147
334,0.991,James Jones221,F,1992-05-08,"582 Eyre Square, Cork",Doctor,
334,0.991,James Jnes221,F,1992-05-08,"582 Eyre Square, Cork",Doctor,
335,0.997,Lisa Brown807,F,1995-11-04,"502 Seaview, Waterford",Sales,IE59BOFI955183
335,0.997,Lisa Brown807,F,1995-11-04,"502 Seaview, Waterford",,IE59BOFI955183
336,0.997,Sarah Taylor313,M,2003-03-13,"855 Seaview, Navan",Accountant,
336,0.997,Sarah Taylor313,M,2003-03-13,"855 Seaview, Navan",,
336,0.997,Sarah Taylor313,M,2003-03-13,"855 Seaview, Navan",Accountant,
337,0.997,John Williams561,F,1961-08-07,"432 Church Rd, Dundalk",Engineer,
337,0.997,John Williams561,F,1961-08-07,"432 Church Rd, Dundalk",,
338,0.997,John Rodriguez969,F,2000-07-14,"738 O'Connell St, Dublin",Student,IE80BOFI936603
338,0.997,John Rodriguez969,F,,"738 O'Connell St, Dublin",,IE80BOFI936603
338,0.997,John Rodriguez969,F,2000-07-14,"738 O'Connell St, Dublin",,IE80BOFI936603
338,0.996,John Rodriguez969,,2000-07-14,"738 O'Connell St, Dublin",,IE80BOFI936603
339,0.997,John Rodriguez696,M,1986-12-15,"196 Griffith Ave, Navan",Admin,
339,0.997,John Rodriguez696,M,,"196 Griffith Ave, Navan",Admin,
340,0.787,Jessica Garcia671,M,1992-07-29,"800 Oliver Plunkett St, Waterford",Admin,IE94BOFI929385
340,0.772,Jessica Garcia656,M,1992-11-04,"12 O'Connell St, Bray",Engineer,
340,0.919,Jessica Garcia671,M,1992-07-29,"800 Oliver Plunkett St, Waterford",,IE94BOFI929385
341,0.997,John Johnson393,M,1979-01-30,"102 Henry St, Waterford",Teacher,IE52BOFI985268
341,0.997,John Johnson393,,1979-01-30,"102 Henry St, Waterford",,IE52BOFI985268
342,0.997,Joseph Brown69,M,1961-12-28,"865 Church Rd, Waterford",Engineer,IE88BOFI910458
342,0.997,Joseph Brown69,M,1961-12-28,"865 Church Rd, Waterford",Engineer,IE88BOFI910458
343,0.997,William Wilson640,F,1961-12-31,"744 Oliver Plunkett St, Drogheda",Driver,IE93BOFI909760
343,0.997,William Wilson640,,1961-12-31,"744 Oliver Plunkett St, Drogheda",Driver,IE93BOFI909760
344,0.997,William Wilson298,M,1989-10-26,"608 Church Rd, Swords",Teacher,IE77BOFI924809
344,0.997,William Wilson298,,1989-10-26,"608 Church Rd, Swords",Teacher,IE77BOFI924809
345,0.99,Linda Garcia284,F,1954-01-23,"339 Seaview, Swords",Driver,
345,0.99,Linda Gacria284,F,,"339 Seaview, Swords",Driver,
346,0.992,Linda Lopez254,F,1994-05-13,"986 Dame St, Limerick",Driver,IE51BOFI922768
346,0.992,Lida Lopez254,F,1994-05-13,"986 Dame St, Limerick",Driver,IE51BOFI922768
347,0.997,Linda Lopez112,M,1958-12-18,"534 Henry St, Dublin",Accountant,IE63BOFI903597
347,0.997,Linda Lopez112,M,1958-12-18,"534 Henry St, Dublin",Accountant,IE63BOFI903597
348,0.989,John Brown82,F,1962-08-29,"666 O'Connell St, Limerick",Civil Servant,
348,0.989,John Bown82,F,,"666 O'Connell St, Limerick",Civil Servant,
349,0.997,John Brown229,M,1950-03-09,"989 Grafton St, Waterford",Manager,IE67BOFI938153
349,0.997,John Brown229,M,1950-03-09,"989 Grafton St, Waterford",Manager,IE67BOFI938153
350,0.996,Kerry Group Ireland,,,"110 Patrick St, Cork",,IE63BOFI963904
350,0.996,Kerry Group Ireland,,,"110 Patrick St, Cork",,IE63BOFI963904
351,0.778,Karen Hernandez902,F,1965-07-26,"328 Main St, Limerick",Admin,
351,0.824,Karen Hernandez525,F,1984-09-15,"164 Griffith Ave, Navan",Admin,IE68BOFI946031
351,0.778,Karen Hernandez902,F,1965-07-26,"328 Main St, Limerick",,
351,0.824,Karen Hernandez525,F,1984-09-15,"164 Griffith Ave, Navan",Admin,IE68BOFI946031
351,0.808,Karen Hernandez525,,1984-09-15,"164 Griffith Ave, Navan",Admin,IE68BOFI946031
352,0.943,Jessica Davis682,F,2000-01-25,"444 Church Rd, Galway",Doctor,IE86BOFI907476
352,0.943,Jessica Davis82,F,2000-01-25,"363 New Address Rd, Navan",Doctor,IE86BOFI907476
353,0.821,Jessica Davis68,F,1961-07-21,"130 Shop St, Navan",Admin,IE49BOFI961169
353,0.821,Jessica Davis258,F,1982-11-03,"981 High St, Limerick",Admin,
354,0.973,Vodafone Ltd,,,"342 Henry St, Waterford",,IE69BOFI930861
354,0.919,Vodafone Ltd,,,"564 New Address Rd, Cork",,IE69BOFI930861
354,0.922,Vdafone Ltd,,,"342 Henry St, Waterford",,IE69BOFI930861
355,0.513,Michael Jones263,M,1969-02-22,"832 Dame St, Drogheda",Sales,IE81BOFI910993
355,0.513,Michael Jones96,M,1977-11-20,"950 Henry St, Limerick",Farmer,
356,0.997,Michael Jones855,F,1954-03-05,"251 Church Rd, Drogheda",Admin,IE45BOFI968074
356,0.997,Michael Jones855,F,1954-03-05,"251 Church Rd, Drogheda",Admin,IE45BOFI968074
357,0.546,Jennifer Wilson247,M,1969-11-02,"607 Seaview, Navan",Builder,
357,0.632,Jennifer Wilson942,M,1997-08-13,"261 High St, Waterford",Sales,IE26BOFI946301
357,0.813,Jennifer Wilson942,M,,"357 New Address Rd, Swords",Sales,IE26BOFI946301
357,0.81,Jennifer Wilson942,M,,"261 High St, Waterford",Sales,IE26BOFI946301
358,0.636,Jessica Taylor241,F,1952-09-15,"545 Griffith Ave, Cork",Engineer,IE25BOFI957388
358,0.522,Jessica Taylor936,F,1986-11-02,"989 Main St, Cork",Builder,
358,0.601,Jessica Taylor245,F,1992-04-01,"345 Eyre Square, Bray",Engineer,IE34BOFI974359
358,0.797,Jessica Taylor936,F,1986-11-02,"989 Main St, Cork",,
358,0.796,Jessica Taylor241,F,1952-09-15,"545 Griffith Ave, Cork",,IE25BOFI957388
359,0.997,Robert Johnson553,M,1961-05-06,"988 Church Rd, Swords",Accountant,IE26BOFI927558
359,0.997,Robert Johnson553,M,1961-05-06,"988 Church Rd, Swords",,IE26BOFI927558
360,0.997,Sarah Hernandez625,M,1982-04-04,"878 Oak Park, Navan",Civil Servant,IE98BOFI963470
360,0.997,Sarah Hernandez625,M,1982-04-04,"878 Oak Park, Navan",,IE98BOFI963470
361,0.992,William Miller166,M,1998-05-01,"366 Henry St, Navan",Retiree,IE44BOFI996245
361,0.992,Willia mMiller166,M,1998-05-01,"366 Henry St, Navan",Retiree,IE44BOFI996245
362,0.997,Elizabeth Garcia76,F,1965-02-28,"105 Henry St, Bray",Builder,IE18BOFI953334
362,0.997,Elizabeth Garcia76,,1965-02-28,"105 Henry St, Bray",,IE18BOFI953334
363,0.994,Michael Jackson191,M,1973-03-10,"665 High St, Waterford",Engineer,IE55BOFI911264
363,0.992,Michael Jackosn191,M,1973-03-10,"665 High St, Waterford",Engineer,IE55BOFI911264
363,0.994,Michael Jackson191,M,,"665 High St, Waterford",Engineer,IE55BOFI911264
364,0.969,AIB Services,,,"691 Church Rd, Limerick",,IE16BOFI924059
364,0.969,AIB Services,,,"315 Henry St, Dundalk",,
365,0.953,Vodafone Solutions,,,"909 Griffith Ave, Waterford",,IE83BOFI960049
365,0.953,Vodafone Solutions,,,"601 Church Rd, Waterford",,IE65BOFI956709
366,0.908,Barbara Moore505,M,1993-05-09,"958 O'Connell St, Dundalk",Accountant,IE88BOFI990926
366,0.908,Barabra Moore505,M,1993-05-09,"707 New Address Rd, Navan",Accountant,IE88BOFI990926
367,0.996,Barbara Moore789,F,1968-09-12,"177 Shop St, Waterford",Driver,
367,0.996,Barbara Moore789,,1968-09-12,"177 Shop St, Waterford",Driver,
368,0.994,Sarah Lopez855,M,1990-05-28,"792 Grafton St, Dundalk",Civil Servant,IE34BOFI963253
368,0.983,Sarah Lopez85,M,1990-05-28,"792 Grafton St, Dundalk",,IE34BOFI963253
368,0.982,Sara Lopez855,M,1990-05-28,"792 Grafton St, Dundalk",Civil Servant,IE34BOFI963253
369,0.988,Eir Services,,,"701 Dame St, Drogheda",,IE63BOFI926531
369,0.988,Eir Serices,,,"701 Dame St, Drogheda",,IE63BOFI926531
370,0.997,William Jones143,M,1963-06-19,"154 Henry St, Swords",Driver,IE78BOFI943278
370,0.997,William Jones143,M,1963-06-19,"154 Henry St, Swords",Driver,IE78BOFI943278
371,0.992,James Davis288,F,1994-10-09,"38 Oak Park, Drogheda",Civil Servant,IE55BOFI962342
371,0.992,James Dvis288,F,1994-10-09,"38 Oak Park, Drogheda",Civil Servant,IE55BOFI962342
372,0.914,Smurfit Kappa PLC,,,"337 Grafton St, Navan",,IE22BOFI952222
372,0.869,Smurfit Kappa PLC,,,"325 Oak Park, Swords",,IE62BOFI954707
372,0.541,Smurfi tKappa PLC,,,"337 Grafton St, Navan",,IE22BOFI952222
372,0.914,Smurfit Kappa PLC,,,"337 Grafton St, Navan",,IE22BOFI952222
372,0.914,Smurfit Kappa PLC,,,"337 Grafton St, Navan",,IE22BOFI952222
372,0.534,Surfit Kappa PLC,,,"574 New Address Rd, Drogheda",,IE62BOFI954707
373,0.994,Elizabeth Moore357,M,1997-07-01,"523 High St, Drogheda",Farmer,IE16BOFI910001
373,0.994,Elizabeth Moore357,M,1997-07-01,"523 High St, Drogheda",Farmer,IE16BOFI910001
373,0.992,Elizabteh Moore357,M,1997-07-01,"523 High St, Drogheda",Farmer,IE16BOFI910001
374,0.902,Dunnes Limited,,,"325 Oak Park, Dublin",,IE88BOFI977376
374,0.902,Dunnes Limited,,,"805 Seaview, Bray",,IE40BOFI937565
375,0.997,Thomas Rodriguez593,F,1981-03-30,"246 Dame St, Waterford",Student,IE20BOFI956683
375,0.997,Thomas Rodriguez593,F,1981-03-30,"246 Dame St, Waterford",Student,IE20BOFI956683
376,0.997,David Davis814,F,2004-09-04,"598 Henry St, Limerick",Retiree,IE88BOFI926505
376,0.997,David Davis814,F,2004-09-04,"598 Henry St, Limerick",Retiree,IE88BOFI926505
377,0.997,David Smith374,F,1968-09-09,"798 Oak Park, Bray",Manager,
377,0.997,David Smith374,F,1968-09-09,"798 Oak Park, Bray",Manager,
377,0.997,David Smith374,F,1968-09-09,"798 Oak Park, Bray",,
378,0.997,David Smith301,M,1971-07-30,"440 Eyre Square, Galway",Doctor,IE53BOFI990753
378,0.997,David Smith301,M,1971-07-30,"440 Eyre Square, Galway",Doctor,IE53BOFI990753
379,0.971,James Johnson288,F,1969-10-25,"734 Henry St, Limerick",Technician,IE14BOFI989169
379,0.971,James Johnson288,F,,"451 New Address Rd, Drogheda",Technician,IE14BOFI989169
380,0.56,Richard Gonzalez529,M,1982-08-11,"397 Oliver Plunkett St, Dublin",Director,IE34BOFI971396
380,0.56,Richard Gonzalez798,M,1957-04-16,"741 Main St, Swords",Director,IE90BOFI994859
381,0.521,James Brown243,M,1971-02-08,"652 Oliver Plunkett St, Limerick",Nurse,IE71BOFI934153
381,0.521,James Brown234,M,1966-04-20,"986 Church Rd, Dublin",Nurse,IE87BOFI971679
382,0.997,Joseph Jones161,M,1956-06-05,"335 Henry St, Limerick",Driver,IE15BOFI921687
382,0.997,Joseph Jones161,M,,"335 Henry St, Limerick",,IE15BOFI921687
383,0.997,James Garcia755,M,1989-06-25,"733 Oliver Plunkett St, Galway",Engineer,IE64BOFI940978
383,0.997,James Garcia755,M,1989-06-25,"733 Oliver Plunkett St, Galway",,IE64BOFI940978
384,0.968,William Johnson924,F,1952-01-08,"142 Griffith Ave, Dublin",Nurse,IE14BOFI962465
384,0.98,William Johnson924,F,1952-01-08,"131 New Address Rd, Dundalk",Nurse,IE14BOFI962465
384,0.974,William Johnson924,F,1952-01-08,"175 New Address Rd, Bray",Nurse,IE14BOFI962465
385,0.982,Karen Martin123,F,1983-03-03,"426 High St, Dublin",Retiree,IE82BOFI997493
385,0.975,Karen Martin123,,1983-03-03,"436 New Address Rd, Swords",Retiree,IE82BOFI997493
385,0.981,Karen Martin123,F,,"426 High St, Dublin",,IE82BOFI997493
386,0.974,Barbara Taylor608,M,1986-11-15,"813 Main St, Dublin",Driver,IE88BOFI989831
386,0.974,Barbara Taylor608,M,1986-11-15,"594 New Address Rd, Drogheda",,IE88BOFI989831
387,0.997,Lisa Wilson62,F,1957-09-04,"92 Oak Park, Dublin",Technician,IE21BOFI993759
387,0.997,Lisa Wilson62,,1957-09-04,"92 Oak Park, Dublin",Technician,IE21BOFI993759
388,0.997,William Martin452,M,1969-09-06,"401 Seaview, Limerick",Admin,IE91BOFI992680
388,0.997,William Martin452,M,1969-09-06,"401 Seaview, Limerick",Admin,IE91BOFI992680
389,0.991,William Martin886,F,1978-12-29,"908 Dame St, Bray",Driver,
389,0.991,William Martni886,F,1978-12-29,"908 Dame St, Bray",,
390,0.997,John Hernandez50,F,1965-07-29,"232 Eyre Square, Drogheda",Director,IE84BOFI912356
390,0.997,John Hernandez50,F,1965-07-29,"232 Eyre Square, Drogheda",Director,IE84BOFI912356
391,0.993,Robert Miller464,F,1969-07-01,"723 Church Rd, Drogheda",Retiree,IE20BOFI937348
391,0.993,Robet Miller464,F,1969-07-01,"723 Church Rd, Drogheda",Retiree,IE20BOFI937348
392,0.996,Three PLC,,,"405 Eyre Square, Limerick",,
392,0.996,Three PLC,,,"405 Eyre Square, Limerick",,
393,0.9,CRH Services,,,"596 Church Rd, Drogheda",,IE93BOFI976069
393,0.9,CRH Serices,,,"98 New Address Rd, Galway",,IE93BOFI976069
394,0.997,Lisa Jones538,M,1972-11-05,"533 High St, Navan",Technician,IE90BOFI951539
394,0.997,Lisa Jones538,M,1972-11-05,"533 High St, Navan",Technician,IE90BOFI951539
395,0.996,Lisa Jones256,F,1997-09-04,"338 Eyre Square, Swords",Doctor,IE20BOFI915004
395,0.996,Lisa Jones256,,,"338 Eyre Square, Swords",Doctor,IE20BOFI915004
396,0.979,Joseph Rodriguez392,F,1998-08-17,"927 Oak Park, Galway",Civil Servant,IE68BOFI955152
396,0.97,Joseph Rodriguez392,F,1998-08-17,"210 New Address Rd, Cork",Civil Servant,IE68BOFI955152
396,0.978,Joseph Rodriguez392,F,,"927 Oak Park, Galway",,IE68BOFI955152
397,0.997,Lisa Johnson371,M,1966-06-26,"680 Dame St, Navan",Builder,
397,0.997,Lisa Johnson371,M,1966-06-26,"680 Dame St, Navan",Builder,
398,0.992,Michael Smith208,F,1961-05-05,"409 Church Rd, Dundalk",Engineer,
398,0.992,Michal Smith208,F,1961-05-05,"409 Church Rd, Dundalk",,
399,0.927,Glanbia Services,,,"339 Eyre Square, Drogheda",,IE53BOFI999172
399,0.927,Glanbia Services,,,"339 Eyre Square, Drogheda",,IE53BOFI999172
399,0.897,Glanbia Serviecs,,,"617 New Address Rd, Dublin",,IE53BOFI999172
400,0.996,Vodafone PLC,,,"721 Patrick St, Bray",,IE23BOFI990309
400,0.996,Vodafone PLC,,,"721 Patrick St, Bray",,IE23BOFI990309
400,0.996,Vodafone PLC,,,"721 Patrick St, Bray",,IE23BOFI990309
401,0.996,Centra Services,,,"208 Dame St, Dundalk",,IE13BOFI980790
401,0.996,Centra Services,,,"208 Dame St, Dundalk",,IE13BOFI980790
402,0.996,Tesco PLC,,,"192 Church Rd, Galway",,IE11BOFI923272
402,0.996,Tesco PLC,,,"192 Church Rd, Galway",,IE11BOFI923272
402,0.996,Tesco PLC,,,"192 Church Rd, Galway",,IE11BOFI923272
403,0.902,Susan Jones38,M,1959-01-02,"828 Grafton St, Drogheda",Retiree,IE80BOFI964530
403,0.902,SusanJones38,M,,"575 New Address Rd, Galway",Retiree,IE80BOFI964530
404,0.997,John Taylor70,M,1988-01-22,"366 Seaview, Galway",Student,IE50BOFI909863
404,0.997,John Taylor70,M,1988-01-22,"366 Seaview, Galway",Student,IE50BOFI909863
405,0.996,Eir Limited,,,"236 Seaview, Galway",,IE30BOFI943993
405,0.996,Eir Limited,,,"236 Seaview, Galway",,IE30BOFI943993
406,1.0,Smurfit Kappa Ireland,,,"940 Main St, Drogheda",,
407,1.0,Linda Smith835,M,1983-02-24,"844 Seaview, Navan",Sales,IE37BOFI900158
408,1.0,Joseph Wilson223,F,1981-10-06,"879 Henry St, Dundalk",IT Consultant,
409,1.0,Richard Thomas780,F,1967-02-20,"388 Grafton St, Dublin",IT Consultant,IE61BOFI956040
410,1.0,Thomas Smith91,M,1959-09-08,"158 Seaview, Dublin",Sales,IE70BOFI906855
411,1.0,Michael Thomas458,F,1956-06-30,"897 Oak Park, Swords",Nurse,IE14BOFI936032
412,1.0,John Gonzalez709,M,1950-06-17,"913 O'Connell St, Bray",Doctor,IE75BOFI902538
413,1.0,David Johnson264,M,1983-09-22,"981 High St, Dundalk",Sales,IE57BOFI944820
414,1.0,Lisa Garcia234,M,1994-10-27,"443 Seaview, Bray",Farmer,IE26BOFI971935
415,1.0,John Jones764,M,1996-10-04,"661 Shop St, Navan",Accountant,IE84BOFI985921
416,1.0,John Smith726,M,2001-01-19,"731 Oliver Plunkett St, Limerick",Student,IE83BOFI989558
417,1.0,John Smith821,F,1961-07-27,"341 Patrick St, Drogheda",Technician,IE51BOFI904608
418,1.0,Linda Thomas117,F,2003-12-20,"560 Grafton St, Bray",Director,IE97BOFI927764
419,1.0,Elizabeth Taylor668,F,2004-01-31,"229 Main St, Dundalk",Sales,
420,1.0,Jessica Smith69,M,1964-09-01,"509 Henry St, Drogheda",Accountant,IE63BOFI931227
421,1.0,David Thomas146,M,1985-07-27,"176 Patrick St, Swords",Nurse,IE13BOFI985573
422,1.0,Karen Rodriguez416,M,1998-09-24,"557 High St, Waterford",Doctor,IE45BOFI908039
423,1.0,Joseph Miller947,F,2005-11-02,"675 Main St, Limerick",Admin,IE37BOFI904751
424,1.0,Robert Hernandez196,M,2001-05-24,"313 Main St, Navan",Retiree,IE33BOFI911435
425,1.0,David Martinez106,M,1952-07-27,"391 Henry St, Galway",Director,
426,1.0,William Taylor459,F,2002-04-12,"665 O'Connell St, Bray",Retiree,IE10BOFI947115
427,1.0,Karen Williams165,M,1990-11-13,"454 Henry St, Cork",Sales,
428,1.0,William Anderson231,F,1999-05-08,"976 Patrick St, Bray",Doctor,IE65BOFI934337
429,1.0,David Brown995,F,1960-11-15,"27 Eyre Square, Waterford",Doctor,
430,1.0,Aldi Group,,,"833 Henry St, Navan",,IE71BOFI955257
431,1.0,Thomas Jackson128,F,2001-04-28,"401 Oliver Plunkett St, Dundalk",Admin,IE36BOFI950325
432,1.0,Elizabeth Smith185,F,1966-08-15,"875 Patrick St, Dundalk",Doctor,IE70BOFI962180
433,1.0,Patricia Jackson658,M,1960-04-25,"66 Eyre Square, Limerick",Teacher,IE55BOFI979110
434,1.0,Lisa Jackson318,F,1951-01-19,"333 Henry St, Bray",Retiree,
435,1.0,Jessica Jackson64,F,1960-06-24,"779 Seaview, Limerick",Teacher,IE56BOFI978075
436,1.0,Three Solutions,,,"511 Patrick St, Waterford",,IE26BOFI964144
437,1.0,Robert Jackson175,F,1983-07-09,"876 Seaview, Dublin",Builder,IE72BOFI975341
438,1.0,Jennifer Hernandez166,F,1988-10-21,"983 Griffith Ave, Bray",Driver,IE26BOFI900210
439,1.0,Thomas Davis294,F,1962-10-14,"235 Oliver Plunkett St, Limerick",Student,IE14BOFI994576
440,1.0,William Taylor523,M,1951-06-30,"433 Eyre Square, Bray",Civil Servant,
441,1.0,Mary Jones662,F,1978-05-25,"396 Oak Park, Navan",Admin,IE41BOFI912629
442,1.0,Thomas Williams934,F,1967-04-10,"945 Seaview, Drogheda",Farmer,IE97BOFI977839
443,1.0,Elizabeth Williams372,M,1984-07-20,"854 Griffith Ave, Swords",Nurse,IE49BOFI909757
444,1.0,Patricia Taylor136,M,1977-11-29,"561 Seaview, Drogheda",IT Consultant,IE20BOFI916134
445,1.0,Robert Taylor418,M,1991-12-07,"266 Henry St, Limerick",IT Consultant,IE78BOFI947804
446,1.0,Lisa Moore643,M,2004-06-11,"802 Shop St, Galway",Accountant,
447,1.0,Patricia Brown236,F,1970-11-13,"844 Patrick St, Dundalk",Engineer,IE34BOFI925755
448,1.0,Michael Davis107,F,1951-07-01,"793 Henry St, Drogheda",Doctor,
449,1.0,Lisa Miller3,F,1969-01-24,"18 Grafton St, Drogheda",Doctor,
450,1.0,Michael Martinez693,M,1977-09-21,"868 Oak Park, Navan",Accountant,IE18BOFI946023
451,1.0,Elizabeth Thomas518,F,2000-10-29,"694 Grafton St, Dublin",Sales,IE39BOFI960512
452,1.0,William Martinez438,F,2005-09-13,"797 Church Rd, Waterford",Technician,
453,1.0,Patricia Gonzalez765,M,1963-04-26,"276 Eyre Square, Cork",Driver,IE37BOFI924725
454,1.0,Karen Jones59,M,2001-03-23,"891 High St, Limerick",Admin,IE15BOFI928231
455,1.0,Linda Jones697,M,1968-09-14,"661 Seaview, Galway",Director,IE94BOFI913395
456,1.0,Barbara Gonzalez851,F,1979-07-09,"873 Grafton St, Dundalk",Engineer,IE70BOFI957853
457,1.0,Aviva Limited,,,"4 Seaview, Dublin",,IE60BOFI967770
458,1.0,Richard Williams729,F,1975-03-02,"930 Grafton St, Limerick",Director,IE86BOFI981364
459,1.0,Elizabeth Brown553,F,1970-05-06,"176 Patrick St, Limerick",Director,IE29BOFI959882
460,1.0,Patricia Thomas310,M,2004-05-07,"256 High St, Waterford",Accountant,IE87BOFI953268
461,1.0,Michael Lopez773,M,1995-07-28,"143 Shop St, Bray",Doctor,IE60BOFI911588
462,1.0,Patricia Moore19,F,1960-09-15,"408 Main St, Limerick",Civil Servant,IE14BOFI994820
463,1.0,Thomas Smith709,M,1956-02-11,"5 Oak Park, Navan",Student,IE23BOFI944777
464,1.0,James Moore155,M,1963-06-23,"486 Oak Park, Waterford",Nurse,IE28BOFI970373
465,1.0,Susan Garcia240,M,1959-11-16,"667 Dame St, Swords",Student,
466,1.0,Linda Moore846,M,1961-02-23,"50 High St, Bray",Technician,IE26BOFI949733
467,1.0,David Martinez515,M,1975-05-09,"561 Eyre Square, Drogheda",Sales,IE82BOFI912285
468,1.0,Thomas Wilson251,F,1985-08-10,"365 Oak Park, Drogheda",Civil Servant,
469,1.0,James Thomas98,M,1977-10-28,"795 Oliver Plunkett St, Drogheda",Builder,IE11BOFI950324
470,1.0,Patricia Martinez708,M,1986-03-25,"494 Patrick St, Cork",Technician,IE47BOFI998247
471,1.0,James Anderson608,F,1979-12-01,"891 Shop St, Navan",Engineer,IE42BOFI967081
472,1.0,Joseph Wilson709,F,2000-09-23,"625 Dame St, Bray",Sales,IE60BOFI978029
473,1.0,Mary Garcia210,F,1978-04-30,"231 Oak Park, Dublin",Director,
474,1.0,Robert Davis330,M,1966-10-11,"782 Patrick St, Cork",Civil Servant,
475,1.0,Joseph Gonzalez468,M,1978-11-10,"916 Main St, Cork",Civil Servant,
476,1.0,Karen Thomas691,F,1974-06-02,"725 Eyre Square, Limerick",Civil Servant,IE41BOFI938093
477,1.0,AIB Solutions,,,"392 Patrick St, Cork",,
478,1.0,SuperValu Group,,,"10 Oliver Plunkett St, Limerick",,IE25BOFI970323
479,1.0,Lidl Ltd,,,"211 Henry St, Navan",,IE19BOFI956930
480,1.0,Linda Jones228,M,1968-06-18,"750 Church Rd, Bray",Nurse,IE13BOFI952738
481,1.0,Linda Williams365,F,1961-09-19,"443 Oliver Plunkett St, Cork",Accountant,IE66BOFI945179
482,1.0,Jennifer Smith823,F,1985-08-20,"394 Eyre Square, Drogheda",Accountant,IE25BOFI964068
483,1.0,Linda Miller256,M,1985-07-01,"479 High St, Waterford",Manager,IE48BOFI974294
484,1.0,Elizabeth Thomas566,M,2005-07-14,"346 Shop St, Swords",Sales,IE29BOFI955955
485,1.0,Elizabeth Anderson480,M,1998-04-23,"657 Henry St, Cork",Technician,
486,1.0,Mary Thomas485,F,1967-06-05,"344 Eyre Square, Waterford",Farmer,IE94BOFI987104
487,1.0,Susan Martinez40,M,1964-01-15,"861 Griffith Ave, Limerick",Farmer,
488,1.0,Joseph Johnson105,F,1974-05-21,"485 Eyre Square, Limerick",Engineer,IE69BOFI936226
489,1.0,James Williams286,M,1972-08-02,"499 Henry St, Waterford",Director,IE31BOFI973607
490,1.0,Thomas Martinez834,M,1962-02-19,"180 Patrick St, Bray",Director,IE82BOFI933928
491,1.0,Lisa Smith344,F,1974-12-16,"868 Oak Park, Swords",Technician,IE13BOFI929139
492,1.0,Richard Miller846,M,1972-06-24,"343 Griffith Ave, Limerick",Technician,IE45BOFI911509
493,1.0,Linda Rodriguez389,F,1982-07-09,"300 Shop St, Drogheda",Teacher,IE68BOFI998052
494,1.0,David Anderson478,M,1974-07-23,"868 High St, Dundalk",Manager,IE94BOFI909637
495,1.0,Jessica Hernandez971,F,1980-08-18,"649 Grafton St, Bray",Admin,IE88BOFI993687
496,1.0,Jessica Martinez859,F,1973-04-27,"719 Oak Park, Dundalk",Technician,IE41BOFI942794
497,1.0,Patricia Garcia734,F,1958-11-12,"880 Church Rd, Drogheda",IT Consultant,
498,1.0,Mary Thomas118,M,1973-03-29,"362 Seaview, Dublin",Accountant,IE55BOFI974615
499,1.0,Thomas Miller865,F,1952-10-04,"369 Dame St, Drogheda",Doctor,
500,1.0,Linda Wilson56,M,2005-02-14,"18 Shop St, Cork",Accountant,
501,1.0,William Rodriguez636,F,1977-09-07,"203 Griffith Ave, Navan",Farmer,IE55BOFI917968
502,1.0,Kerry Group Solutions,,,"572 O'Connell St, Swords",,IE21BOFI991268
503,1.0,David Johnson35,F,1998-01-17,"902 Griffith Ave, Drogheda",Technician,
504,1.0,Karen Garcia431,F,1976-07-03,"454 Main St, Swords",Student,IE51BOFI914524
505,1.0,Susan Lopez553,M,1959-11-27,"948 Patrick St, Bray",Engineer,IE86BOFI952341
506,1.0,Jennifer Hernandez115,M,1991-12-09,"731 Patrick St, Cork",Builder,IE21BOFI923844
507,1.0,Lisa Garcia110,F,1953-12-25,"566 Patrick St, Limerick",Driver,IE21BOFI981144
508,1.0,Richard Anderson261,F,1968-05-20,"334 Oliver Plunkett St, Dublin",Engineer,IE11BOFI956352
509,1.0,Sarah Brown135,M,1972-07-06,"364 Oliver Plunkett St, Cork",Builder,IE87BOFI909734
510,1.0,John Garcia133,M,1969-03-21,"913 Oliver Plunkett St, Galway",Sales,IE77BOFI940420
511,1.0,Susan Rodriguez134,F,2004-05-21,"134 Griffith Ave, Galway",Accountant,IE72BOFI942064
512,1.0,Jessica Anderson363,F,1952-01-27,"501 Grafton St, Navan",Technician,IE47BOFI979356
513,1.0,Patricia Martin9,F,1964-12-03,"242 Patrick St, Limerick",Retiree,IE62BOFI929378
514,1.0,Lisa Williams32,M,1974-08-31,"217 Main St, Galway",Engineer,IE59BOFI954649
515,1.0,Joseph Johnson251,M,1953-04-08,"458 Church Rd, Limerick",Director,IE65BOFI993549
516,1.0,Linda Davis257,M,2004-02-20,"597 Dame St, Navan",Director,
517,1.0,James Gonzalez345,M,1968-12-27,"694 Patrick St, Navan",Civil Servant,IE76BOFI933774
518,1.0,Joseph Thomas573,M,1993-11-09,"767 Henry St, Bray",Nurse,IE70BOFI991797
519,1.0,Richard Martinez537,M,1984-04-01,"825 Oliver Plunkett St, Swords",Engineer,IE56BOFI965904
520,1.0,John Moore132,F,1985-05-27,"362 Eyre Square, Dundalk",Driver,IE88BOFI903752
521,1.0,Lisa Taylor835,M,1954-06-02,"687 Main St, Drogheda",Retiree,
522,1.0,Susan Davis18,F,1966-03-22,"453 Grafton St, Bray",Manager,IE40BOFI991078
523,1.0,Linda Anderson524,F,1954-03-01,"204 O'Connell St, Bray",Civil Servant,IE48BOFI928125
524,1.0,Richard Smith506,F,1973-11-13,"749 Main St, Cork",Manager,IE95BOFI968418
525,1.0,Michael Thomas946,F,1950-11-26,"667 Church Rd, Waterford",Accountant,
526,1.0,Elizabeth Gonzalez972,M,1965-06-05,"490 High St, Cork",Nurse,IE14BOFI988190
527,1.0,James Lopez479,F,1950-08-12,"324 Main St, Navan",Teacher,IE35BOFI946343
528,1.0,Linda Jackson239,M,1993-12-21,"389 Main St, Limerick",Farmer,IE42BOFI916310
529,1.0,John Thomas781,F,1994-08-17,"713 Church Rd, Dundalk",Director,IE66BOFI956847
530,1.0,Elizabeth Jackson865,M,1986-02-11,"27 Oak Park, Bray",Farmer,IE43BOFI934922
531,1.0,Jennifer Rodriguez224,M,1957-03-26,"665 High St, Limerick",Farmer,IE58BOFI941939
532,1.0,Richard Johnson889,F,1956-11-13,"549 Church Rd, Limerick",IT Consultant,IE38BOFI905825
533,1.0,Sarah Martinez882,M,1981-06-10,"863 Seaview, Navan",Student,
534,1.0,Sarah Moore518,M,1953-12-31,"343 Patrick St, Dundalk",Director,IE99BOFI946864
535,1.0,Richard Jackson5,F,1967-09-29,"521 Eyre Square, Bray",Retiree,IE89BOFI934684
536,1.0,Lisa Rodriguez763,F,2002-03-16,"137 Grafton St, Bray",Teacher,IE33BOFI963436
537,1.0,William Hernandez308,F,1977-03-22,"821 Church Rd, Swords",Engineer,IE88BOFI963720
538,1.0,Thomas Miller862,M,1957-05-18,"479 Patrick St, Limerick",IT Consultant,IE47BOFI912677
539,1.0,Kingspan Services,,,"152 Henry St, Waterford",,IE58BOFI994434
540,1.0,Patricia Davis42,M,1977-09-02,"943 Oliver Plunkett St, Galway",Farmer,IE51BOFI905038
541,1.0,Mary Taylor811,F,1961-10-24,"353 Griffith Ave, Drogheda",Technician,
542,1.0,Linda Taylor164,M,1978-08-05,"328 High St, Bray",Technician,
543,1.0,Patricia Williams545,F,1983-01-22,"779 Main St, Swords",Manager,IE27BOFI909576
544,1.0,Patricia Jones305,F,1952-12-09,"772 Dame St, Navan",Technician,IE84BOFI939727
545,1.0,Richard Anderson878,F,2002-11-21,"758 Griffith Ave, Bray",Admin,IE25BOFI956548
546,1.0,Patricia Martinez3,F,2003-08-23,"680 Seaview, Waterford",Admin,
547,1.0,Barbara Miller816,M,1951-01-14,"557 O'Connell St, Drogheda",Nurse,IE53BOFI921643
548,1.0,Sarah Wilson860,F,1992-08-25,"383 Griffith Ave, Dublin",Retiree,IE31BOFI933329
549,1.0,Patricia Davis218,M,1962-01-16,"30 Henry St, Dundalk",Retiree,IE22BOFI996091
550,1.0,Michael Gonzalez858,F,1975-03-30,"144 Patrick St, Bray",Civil Servant,IE95BOFI977992
551,1.0,Michael Moore839,M,1984-01-13,"375 Oliver Plunkett St, Dundalk",Retiree,IE88BOFI917788
552,1.0,William Moore612,F,1956-05-03,"10 Oliver Plunkett St, Cork",Builder,IE58BOFI986078
553,1.0,David Anderson851,M,1981-10-24,"803 Henry St, Swords",Doctor,IE35BOFI958192
554,1.0,Mary Gonzalez336,F,1955-06-12,"126 Seaview, Dublin",Student,IE60BOFI903525
555,1.0,Linda Brown400,M,1970-01-13,"360 Main St, Dublin",Teacher,IE21BOFI958906
556,1.0,Elizabeth Taylor69,M,1990-01-30,"233 Shop St, Swords",Admin,IE66BOFI989448
557,1.0,Sarah Moore790,F,1996-01-03,"351 Dame St, Dublin",Director,IE81BOFI953096
558,1.0,AIB Ireland,,,"785 High St, Dublin",,IE59BOFI936368
559,1.0,David Thomas198,F,1961-09-23,"91 Grafton St, Limerick",Engineer,IE50BOFI959763
560,1.0,Jessica Smith144,M,1975-03-29,"425 Oak Park, Galway",Retiree,
561,1.0,Lidl Services,,,"459 O'Connell St, Swords",,IE11BOFI920813
562,1.0,Jennifer Hernandez397,M,1967-10-21,"288 Oliver Plunkett St, Cork",Civil Servant,IE16BOFI997913
563,1.0,William Martinez162,M,1970-03-13,"340 Dame St, Galway",Director,
564,1.0,Barbara Williams247,M,1974-01-22,"742 High St, Swords",Admin,IE67BOFI932243
565,1.0,Jennifer Thomas945,M,1995-02-22,"802 Main St, Dublin",Admin,IE97BOFI941089
566,1.0,Jennifer Martinez813,M,2000-05-04,"474 Henry St, Drogheda",Admin,IE28BOFI998573
567,1.0,Richard Miller764,M,1952-07-12,"866 Church Rd, Galway",Admin,IE73BOFI988697
568,1.0,John Miller933,F,1988-09-17,"783 Main St, Dundalk",Teacher,IE37BOFI959556
569,1.0,Barbara Brown299,M,1951-03-25,"543 Griffith Ave, Galway",Farmer,IE38BOFI958185
570,1.0,Robert Anderson246,M,2002-02-20,"982 Patrick St, Swords",Director,IE78BOFI997852
571,1.0,Mary Moore726,M,1968-11-07,"387 Shop St, Drogheda",Sales,IE68BOFI998150
572,1.0,Lisa Jackson476,M,1989-04-22,"89 Seaview, Swords",Manager,IE23BOFI965039
573,1.0,Karen Garcia201,M,1991-02-06,"536 Seaview, Limerick",Manager,IE37BOFI971899
574,1.0,Barbara Williams575,F,1975-03-28,"215 Dame St, Dublin",Admin,IE69BOFI912936
575,1.0,David Taylor330,F,1974-10-18,"485 Grafton St, Cork",Farmer,IE67BOFI932285
576,1.0,Jessica Martin591,M,1993-04-26,"405 Dame St, Drogheda",Retiree,IE76BOFI971553
577,1.0,Michael Lopez210,F,1967-10-16,"996 Seaview, Cork",Civil Servant,IE33BOFI920681
578,1.0,James Martin280,M,1957-10-28,"915 Church Rd, Dundalk",Farmer,IE77BOFI985436
579,1.0,Elizabeth Lopez632,F,1986-01-02,"284 Shop St, Swords",Director,IE53BOFI950571
580,1.0,Thomas Thomas671,M,1966-03-13,"783 Oak Park, Navan",Civil Servant,IE83BOFI914313
581,1.0,Barbara Rodriguez251,M,1983-11-14,"604 Patrick St, Drogheda",Student,IE25BOFI969439
582,1.0,Jessica Thomas110,F,2001-11-01,"562 Grafton St, Bray",Retiree,IE24BOFI906575
583,1.0,Sarah Thomas912,M,1977-04-04,"789 Oliver Plunkett St, Navan",Engineer,IE19BOFI903462
584,1.0,Thomas Davis876,M,1981-12-15,"933 Shop St, Waterford",Teacher,
585,1.0,John Gonzalez368,M,2004-03-02,"480 Shop St, Cork",Admin,IE66BOFI931709
586,1.0,James Thomas900,M,1970-10-04,"135 Griffith Ave, Bray",Civil Servant,IE21BOFI915440
587,1.0,Joseph Davis195,F,1960-08-18,"986 Church Rd, Galway",Accountant,IE91BOFI952665
588,1.0,Patricia Moore37,F,1957-04-30,"356 Seaview, Bray",Teacher,IE43BOFI934007
589,1.0,Lidl Group,,,"935 Shop St, Waterford",,IE31BOFI956326
590,1.0,Centra Solutions,,,"541 Henry St, Swords",,IE84BOFI931084
591,1.0,Joseph Taylor551,F,1967-11-19,"920 Henry St, Drogheda",Manager,IE49BOFI952628
592,1.0,Linda Rodriguez238,M,1957-11-09,"333 Grafton St, Dundalk",Sales,IE22BOFI901744
593,1.0,Richard Martin906,F,2005-03-03,"950 Dame St, Dublin",Sales,
594,1.0,Linda Moore252,M,1979-04-17,"247 High St, Galway",IT Consultant,IE89BOFI974230
595,1.0,Sarah Johnson867,M,2001-10-30,"477 Main St, Drogheda",Doctor,IE48BOFI925300
596,1.0,Michael Rodriguez29,F,1982-11-25,"494 Oak Park, Swords",Technician,IE56BOFI964613
597,1.0,Mary Jones752,F,2000-02-25,"763 Seaview, Cork",Director,IE98BOFI926398
598,1.0,Thomas Davis471,F,1978-04-20,"954 Oliver Plunkett St, Cork",Farmer,IE10BOFI904635
599,1.0,Richard Lopez791,F,1988-04-21,"442 O'Connell St, Galway",Accountant,IE16BOFI951537
600,1.0,William Moore287,F,1987-07-18,"862 Seaview, Navan",Engineer,IE85BOFI992620
601,1.0,Jennifer Jones831,M,1980-07-03,"700 Oliver Plunkett St, Dundalk",Builder,IE88BOFI970027
602,1.0,John Gonzalez358,F,1966-06-22,"604 Oliver Plunkett St, Dundalk",Farmer,IE76BOFI922744
603,1.0,Karen Jackson53,F,2003-02-08,"219 O'Connell St, Dundalk",Engineer,IE83BOFI913721
604,1.0,Lisa Lopez553,M,1977-08-19,"90 High St, Navan",Director,IE79BOFI941226
605,1.0,Mary Johnson837,M,1954-04-23,"247 Seaview, Navan",Director,IE54BOFI953491
606,1.0,Susan Jackson502,F,1956-03-07,"385 Henry St, Navan",Admin,IE58BOFI998495
607,1.0,Sarah Williams593,F,2003-09-20,"304 Eyre Square, Limerick",Retiree,
608,1.0,Sarah Moore472,M,1993-08-16,"827 Seaview, Galway",Builder,IE12BOFI940814
609,1.0,David Rodriguez707,F,1975-11-20,"688 Patrick St, Navan",Nurse,IE61BOFI955507
610,1.0,Richard Johnson376,F,1988-08-10,"60 Oliver Plunkett St, Bray",Engineer,
611,1.0,Jennifer Miller141,M,1981-10-06,"152 Griffith Ave, Limerick",Builder,IE33BOFI973396
612,1.0,Lisa Davis146,F,1987-08-16,"553 Oak Park, Galway",Teacher,IE96BOFI968847
613,1.0,Bank of Ireland Holdings,,,"2 Oliver Plunkett St, Dundalk",,IE69BOFI930001
614,1.0,Elizabeth Wilson871,M,1999-12-28,"534 Seaview, Dundalk",Manager,IE53BOFI982891
615,1.0,Robert Hernandez494,F,1956-12-16,"73 Oak Park, Drogheda",Engineer,IE83BOFI932515
616,1.0,David Garcia911,F,1994-12-07,"688 Dame St, Dundalk",Admin,IE48BOFI943837
617,1.0,James Miller468,M,1977-10-30,"214 Church Rd, Cork",Admin,IE22BOFI976530
618,1.0,Aviva Solutions,,,"479 Seaview, Cork",,IE67BOFI957135
619,1.0,Karen Smith563,M,1999-10-17,"648 High St, Dundalk",Admin,IE57BOFI965016
620,1.0,Jessica Wilson753,M,1954-01-14,"416 Church Rd, Limerick",Driver,IE46BOFI935758
621,1.0,Thomas Davis195,F,1971-08-27,"893 Seaview, Navan",Director,IE18BOFI942214
622,1.0,Kerry Group Holdings,,,"536 High St, Bray",,IE13BOFI918406
623,1.0,Robert Rodriguez86,F,1976-01-07,"598 Dame St, Dublin",Farmer,IE18BOFI920048
624,1.0,David Moore921,M,1988-12-08,"15 Church Rd, Dundalk",Admin,IE60BOFI974447
625,1.0,Elizabeth Brown763,F,1971-05-20,"179 Henry St, Navan",Builder,IE87BOFI966774
626,1.0,Richard Miller208,M,1956-03-05,"166 Shop St, Galway",Manager,IE75BOFI916934
627,1.0,Mary Martin838,M,1983-12-05,"964 Griffith Ave, Bray",Civil Servant,IE54BOFI959303
628,1.0,Barbara Anderson863,M,2002-03-04,"799 Griffith Ave, Bray",Nurse,IE85BOFI968677
629,1.0,DCC Solutions,,,"280 O'Connell St, Limerick",,IE97BOFI971973
630,1.0,James Williams823,M,2003-03-26,"900 Dame St, Swords",Driver,
631,1.0,David Garcia347,F,1989-04-13,"196 Shop St, Bray",Engineer,IE11BOFI921104
632,1.0,Jessica Moore738,M,1985-11-24,"977 Church Rd, Waterford",Manager,IE59BOFI935184
633,1.0,Michael Moore58,F,1996-06-17,"665 Oak Park, Limerick",Admin,IE55BOFI961909
634,1.0,Lisa Smith405,M,1987-01-03,"130 Oak Park, Bray",Driver,IE28BOFI959011
635,1.0,Mary Davis869,F,1990-07-09,"97 Seaview, Cork",Student,IE30BOFI955197
636,1.0,Lisa Thomas248,F,1990-03-24,"811 Seaview, Limerick",Accountant,IE75BOFI978761
637,1.0,Susan Thomas388,M,1966-02-21,"172 Grafton St, Limerick",Doctor,
638,1.0,Mary Miller166,F,1965-01-18,"810 Griffith Ave, Dundalk",Civil Servant,IE24BOFI956324
639,1.0,Patricia Wilson917,M,1994-11-07,"74 Eyre Square, Drogheda",Farmer,
640,1.0,Michael Wilson535,F,1970-07-20,"774 Seaview, Waterford",Doctor,IE82BOFI980625
641,1.0,Karen Lopez202,M,1960-06-14,"362 Griffith Ave, Cork",Sales,IE33BOFI910452
642,1.0,Thomas Wilson74,F,1981-07-18,"881 Seaview, Dundalk",Teacher,IE51BOFI937483
643,1.0,David Gonzalez798,M,2000-04-01,"468 O'Connell St, Dundalk",Teacher,IE24BOFI913732
644,1.0,David Thomas612,M,1978-11-26,"792 Oak Park, Limerick",Builder,
645,1.0,Karen Rodriguez158,M,1992-06-12,"938 Church Rd, Navan",Civil Servant,
646,1.0,Barbara Rodriguez265,M,1998-02-09,"210 Main St, Galway",Sales,
647,1.0,Barbara Jackson755,F,1965-11-07,"702 Dame St, Dublin",Accountant,
648,1.0,John Moore343,F,1950-09-14,"667 Dame St, Waterford",Driver,IE78BOFI987100
649,1.0,William Anderson719,F,1989-08-31,"590 O'Connell St, Cork",Engineer,IE26BOFI939551
650,1.0,Richard Thomas469,F,1971-10-22,"890 High St, Cork",Farmer,
651,1.0,John Jackson483,F,1964-10-17,"315 Church Rd, Dundalk",Farmer,IE45BOFI955908
652,1.0,Bank of Ireland PLC,,,"218 Oliver Plunkett St, Navan",,IE12BOFI947211
653,1.0,Jessica Martin377,M,1960-06-15,"879 Shop St, Galway",Driver,IE95BOFI934440
654,1.0,Susan Martinez949,F,1954-12-08,"645 Shop St, Navan",Doctor,
655,1.0,Thomas Hernandez659,M,1961-12-21,"248 Griffith Ave, Swords",Engineer,IE72BOFI962060
656,1.0,Jennifer Martin162,M,2005-03-10,"717 Patrick St, Drogheda",Manager,IE25BOFI952278
657,1.0,Richard Anderson364,M,1958-05-05,"685 Church Rd, Waterford",Driver,
658,1.0,Joseph Smith664,M,1975-12-22,"859 Seaview, Cork",Nurse,
659,1.0,Joseph Garcia661,M,1996-05-25,"464 Grafton St, Drogheda",Farmer,IE50BOFI992275
660,1.0,Michael Gonzalez501,F,1951-10-15,"707 Main St, Galway",Doctor,IE15BOFI931216
661,1.0,James Hernandez534,M,1976-10-01,"658 Grafton St, Bray",Farmer,
662,1.0,Karen Moore976,F,1956-03-21,"679 Main St, Galway",Driver,IE76BOFI932653
663,1.0,William Davis99,F,1974-01-10,"733 Church Rd, Navan",Manager,IE74BOFI979203
664,1.0,William Anderson229,F,1951-02-15,"871 Eyre Square, Dundalk",Manager,IE14BOFI924815
665,1.0,Elizabeth Smith359,M,2001-05-25,"560 O'Connell St, Dublin",Doctor,IE52BOFI937691
666,1.0,John Thomas977,M,1987-01-17,"842 Oak Park, Dundalk",Accountant,
667,1.0,Centra Ltd,,,"470 High St, Navan",,IE41BOFI958130
668,1.0,Susan Garcia342,M,1966-07-29,"950 Shop St, Navan",Admin,IE29BOFI979666
669,1.0,Mary Thomas221,F,1974-07-20,"944 Griffith Ave, Galway",Manager,IE27BOFI966113
670,1.0,Patricia Johnson872,F,1972-07-17,"211 Dame St, Dublin",Farmer,IE55BOFI923400
671,1.0,Richard Smith963,M,1957-05-09,"413 Eyre Square, Drogheda",Civil Servant,IE71BOFI941151
672,1.0,Robert Moore190,F,1956-04-11,"388 Oliver Plunkett St, Swords",Farmer,
673,1.0,Jessica Jones392,M,1965-04-15,"877 Grafton St, Waterford",Civil Servant,IE68BOFI939623
674,1.0,Thomas Wilson611,M,1962-11-27,"949 Henry St, Limerick",Student,
675,1.0,James Jones49,M,1967-12-08,"587 Church Rd, Swords",Admin,IE66BOFI935972
676,1.0,David Williams344,F,1982-10-12,"113 Patrick St, Dublin",Engineer,
677,1.0,Jessica Miller2,F,1978-07-02,"576 Grafton St, Limerick",Doctor,IE72BOFI936122
678,1.0,Sarah Taylor925,F,2005-05-11,"537 Grafton St, Bray",Admin,
679,1.0,Three Group,,,"353 Church Rd, Dundalk",,IE16BOFI932894
680,1.0,Richard Garcia930,M,1987-08-16,"630 High St, Waterford",Doctor,IE70BOFI998714
681,1.0,Patricia Anderson549,M,1962-10-21,"29 Dame St, Drogheda",Civil Servant,IE23BOFI962612
682,1.0,Robert Gonzalez383,M,1963-02-23,"357 Church Rd, Dundalk",Retiree,
683,1.0,Elizabeth Jackson229,M,1950-02-10,"409 Henry St, Dundalk",Admin,IE86BOFI956604
684,1.0,Sarah Moore946,F,1963-01-24,"249 Eyre Square, Waterford",Engineer,IE19BOFI925262
685,1.0,James Miller170,M,1960-11-29,"17 Griffith Ave, Drogheda",IT Consultant,IE37BOFI915416
686,1.0,Mary Taylor25,F,1971-09-09,"742 Henry St, Navan",Driver,
687,1.0,Joseph Martin549,M,2000-10-23,"776 Oliver Plunkett St, Dublin",Nurse,IE58BOFI980181
688,1.0,Jessica Smith748,F,1987-07-07,"273 Eyre Square, Cork",Accountant,IE33BOFI926668
689,1.0,Richard Jackson917,M,1962-08-22,"495 Church Rd, Dundalk",Teacher,
690,1.0,Karen Taylor846,M,1995-04-30,"311 Church Rd, Limerick",Driver,IE49BOFI976358
691,1.0,John Johnson999,F,2004-05-05,"114 Griffith Ave, Limerick",Builder,IE47BOFI956271
692,1.0,Susan Moore971,M,1995-05-05,"73 Seaview, Navan",Engineer,
693,1.0,Jennifer Johnson643,F,1959-08-29,"792 Grafton St, Cork",Civil Servant,IE64BOFI905515
694,1.0,Linda Martin472,F,1968-05-18,"565 Henry St, Navan",Technician,IE17BOFI917492
695,1.0,Michael Thomas793,F,1974-05-15,"585 Church Rd, Galway",Manager,IE91BOFI911010
696,1.0,Susan Williams960,M,1973-05-31,"651 Main St, Limerick",Farmer,IE65BOFI989832
697,1.0,Thomas Jackson928,M,2005-12-24,"686 Grafton St, Swords",Sales,
698,1.0,Mary Martinez41,F,1980-01-12,"979 Eyre Square, Swords",Admin,IE43BOFI927624
699,1.0,James Hernandez794,F,1988-09-17,"324 Henry St, Swords",Engineer,
700,1.0,David Moore366,M,1957-05-27,"209 Church Rd, Galway",Farmer,IE79BOFI989113
701,1.0,John Miller214,M,1986-11-12,"591 Main St, Limerick",Accountant,
702,1.0,Sarah Davis746,F,1993-02-26,"129 Eyre Square, Limerick",Director,IE22BOFI920170
703,1.0,Jennifer Martinez743,F,1981-10-13,"823 Shop St, Limerick",Accountant,IE35BOFI942718
704,1.0,Robert Smith560,F,1995-04-11,"600 Seaview, Drogheda",Manager,IE29BOFI943268
705,1.0,Linda Lopez548,F,1981-10-26,"462 Seaview, Drogheda",Civil Servant,IE33BOFI927472
706,1.0,Patricia Taylor404,F,1961-10-04,"82 Oliver Plunkett St, Drogheda",Doctor,
707,1.0,Michael Davis981,F,1980-08-11,"104 Oak Park, Dundalk",Technician,
708,1.0,Joseph Davis733,M,1972-07-01,"652 Patrick St, Waterford",Doctor,IE57BOFI938787
709,1.0,Lisa Davis726,F,1992-09-03,"103 Patrick St, Bray",Admin,IE39BOFI917331
710,1.0,Sarah Brown389,M,1975-03-26,"454 Seaview, Waterford",Admin,IE46BOFI990996
711,1.0,Richard Brown894,M,1964-12-18,"203 Church Rd, Swords",Engineer,IE94BOFI977373
712,1.0,Susan Jackson571,F,1950-02-03,"450 Eyre Square, Navan",Builder,IE34BOFI970324
713,1.0,Karen Davis293,M,1985-02-15,"722 Grafton St, Dublin",Civil Servant,IE27BOFI993221
714,1.0,Karen Hernandez897,F,1982-11-24,"894 Oak Park, Waterford",IT Consultant,IE62BOFI966517
715,1.0,Mary Jones128,M,1981-09-07,"734 O'Connell St, Galway",Admin,IE55BOFI947369
716,1.0,Barbara Martinez221,F,1960-04-25,"659 Griffith Ave, Galway",Director,IE94BOFI967829
717,1.0,Patricia Davis661,M,1952-10-24,"596 Shop St, Drogheda",Driver,
718,1.0,Joseph Lopez504,M,1959-02-21,"204 Seaview, Limerick",Doctor,IE73BOFI915954
719,1.0,Barbara Rodriguez157,F,2004-06-24,"149 Seaview, Swords",Engineer,IE95BOFI905586
720,1.0,Jessica Davis77,F,2002-10-31,"970 Dame St, Cork",Builder,IE58BOFI905414
721,1.0,Robert Hernandez885,F,2005-10-09,"827 O'Connell St, Limerick",Nurse,IE83BOFI904155
722,1.0,Mary Rodriguez549,M,1965-07-28,"497 Oak Park, Navan",Doctor,IE94BOFI913484
723,1.0,Sarah Wilson205,M,2004-04-12,"305 Shop St, Drogheda",Doctor,IE18BOFI972726
724,1.0,Linda Brown700,F,1999-09-28,"911 Oak Park, Dublin",IT Consultant,
725,1.0,James Lopez81,M,1951-04-16,"302 Grafton St, Waterford",Driver,
726,1.0,Barbara Jackson364,M,1959-07-23,"460 Grafton St, Galway",Sales,IE89BOFI941243
727,1.0,Sarah Williams239,M,1975-07-28,"6 Seaview, Galway",Teacher,IE12BOFI991287
728,1.0,Kerry Group Limited,,,"316 Seaview, Dundalk",,IE35BOFI992479
729,1.0,William Miller267,M,1999-02-21,"239 Grafton St, Bray",Nurse,IE74BOFI910054
730,1.0,Jessica Johnson584,F,1994-05-01,"622 Oliver Plunkett St, Waterford",Student,
731,1.0,John Jones239,F,1962-06-12,"200 Church Rd, Drogheda",Doctor,IE94BOFI970851
732,1.0,Sarah Martin996,F,1972-09-17,"932 Dame St, Waterford",Director,
733,1.0,Karen Taylor538,F,1970-10-10,"967 Grafton St, Galway",IT Consultant,IE80BOFI997082
734,1.0,Mary Smith59,M,1976-01-26,"802 Henry St, Bray",Technician,IE56BOFI933740
735,1.0,Mary Anderson889,M,1977-04-27,"858 Patrick St, Swords",Nurse,
736,1.0,Linda Hernandez825,F,1974-04-25,"959 Griffith Ave, Limerick",Retiree,IE27BOFI965173
737,1.0,DCC Group,,,"890 High St, Cork",,IE84BOFI991083
738,1.0,Linda Miller10,F,1960-09-19,"624 Shop St, Dundalk",Student,IE80BOFI927982
739,1.0,DCC Ireland,,,"983 Eyre Square, Limerick",,IE97BOFI917165
740,1.0,James Jones831,M,1978-09-09,"494 Griffith Ave, Galway",IT Consultant,IE37BOFI978555
741,1.0,Barbara Moore804,M,1976-12-19,"127 Oliver Plunkett St, Navan",Retiree,IE96BOFI918743
742,1.0,Sarah Brown302,M,1971-07-27,"173 Grafton St, Cork",Farmer,IE10BOFI947818
743,1.0,Thomas Brown401,M,1995-04-04,"778 High St, Navan",Manager,IE43BOFI906046
744,1.0,Robert Jones497,F,1954-04-07,"468 Dame St, Swords",Student,IE26BOFI946518
745,1.0,Jennifer Miller533,F,1964-07-02,"528 O'Connell St, Drogheda",Nurse,IE97BOFI938146
746,1.0,Thomas Taylor324,F,1951-06-01,"870 Shop St, Navan",Builder,IE42BOFI969391
747,1.0,Sarah Lopez836,M,1961-06-08,"243 Henry St, Limerick",Director,IE46BOFI994444
748,1.0,Michael Moore527,F,1979-09-15,"238 Henry St, Bray",Director,IE22BOFI906803
749,1.0,Barbara Garcia40,M,1958-02-05,"193 Seaview, Drogheda",Driver,IE67BOFI909914
750,1.0,Sarah Thomas142,F,1959-04-09,"454 Oak Park, Swords",Engineer,IE13BOFI906225
751,1.0,Joseph Moore802,M,1956-11-19,"238 High St, Dublin",Manager,IE42BOFI959365
752,1.0,Richard Martin274,M,1993-08-13,"924 Griffith Ave, Cork",Engineer,IE75BOFI979791
753,1.0,Lisa Davis970,M,1994-01-15,"762 Grafton St, Waterford",Builder,IE54BOFI917232
754,1.0,Karen Davis595,M,1952-06-21,"396 Eyre Square, Waterford",Farmer,
755,1.0,Susan Garcia118,F,1993-07-05,"739 Patrick St, Waterford",Engineer,
756,1.0,Robert Lopez703,M,1972-03-22,"663 High St, Dublin",Engineer,
757,1.0,Joseph Gonzalez923,F,1968-06-03,"842 Griffith Ave, Drogheda",Technician,IE61BOFI993337
758,1.0,Elizabeth Jackson576,M,1994-05-27,"382 Patrick St, Navan",Teacher,IE41BOFI982767
759,1.0,Barbara Davis693,M,2003-01-30,"125 Dame St, Waterford",Doctor,IE23BOFI972411
760,1.0,Jennifer Moore744,F,2003-11-08,"881 Oliver Plunkett St, Dundalk",Engineer,IE80BOFI947950
761,1.0,Tesco Holdings,,,"412 Dame St, Swords",,IE60BOFI923306
762,1.0,William Miller430,F,1950-08-03,"409 Griffith Ave, Navan",IT Consultant,IE47BOFI907449
763,1.0,Patricia Thomas575,M,1979-10-24,"641 Oliver Plunkett St, Waterford",Retiree,IE65BOFI961423
764,1.0,Karen Wilson655,M,2005-11-24,"864 Henry St, Galway",IT Consultant,IE67BOFI903947
765,1.0,Ryanair Solutions,,,"523 Main St, Dundalk",,IE90BOFI970692
766,1.0,David Rodriguez284,M,1969-12-26,"597 Grafton St, Bray",Nurse,IE42BOFI949416
767,1.0,Jessica Lopez61,M,1966-08-31,"680 Grafton St, Dundalk",Teacher,
768,1.0,Linda Lopez272,F,1968-08-08,"478 Henry St, Drogheda",Farmer,IE66BOFI924815
769,1.0,Jessica Brown288,F,1963-04-17,"922 Eyre Square, Cork",Civil Servant,IE72BOFI918040
770,1.0,Robert Taylor716,F,1984-11-22,"34 Eyre Square, Navan",Doctor,IE53BOFI976057
771,1.0,Barbara Jones948,F,1997-12-03,"395 O'Connell St, Dundalk",Sales,IE71BOFI907091
772,1.0,William Williams125,M,1980-04-27,"209 Griffith Ave, Galway",Farmer,IE27BOFI953664
773,1.0,Thomas Brown986,M,1964-02-27,"610 Church Rd, Cork",Civil Servant,
774,1.0,Linda Martin398,M,1962-09-11,"198 Grafton St, Swords",Sales,IE94BOFI998124
775,1.0,Karen Jackson31,M,1983-03-31,"134 Dame St, Galway",Director,IE22BOFI926009
776,1.0,James Smith606,F,2005-06-08,"501 Shop St, Dublin",Builder,IE42BOFI922772
777,1.0,Linda Hernandez642,M,1978-11-12,"59 Griffith Ave, Dublin",Nurse,IE70BOFI998193
778,1.0,Mary Moore84,F,1997-12-26,"393 Seaview, Dublin",Admin,IE59BOFI948668
779,1.0,Robert Martinez178,F,1972-06-27,"307 Oliver Plunkett St, Cork",Accountant,IE19BOFI963987
780,1.0,Sarah Thomas63,M,1959-08-05,"346 Church Rd, Swords",Nurse,IE42BOFI947170
781,1.0,Jennifer Brown496,F,1985-10-11,"350 Eyre Square, Dublin",Doctor,
782,1.0,Richard Gonzalez582,M,1995-05-15,"612 Henry St, Limerick",Admin,
783,1.0,Lisa Brown915,M,1983-04-26,"589 Dame St, Cork",Sales,IE53BOFI900340
784,1.0,Michael Jackson573,F,1995-09-08,"968 Grafton St, Limerick",IT Consultant,IE42BOFI936468
785,1.0,Joseph Martinez242,F,1988-04-03,"243 Henry St, Drogheda",Accountant,IE48BOFI927530
786,1.0,William Thomas951,F,1954-10-11,"928 Patrick St, Dundalk",Engineer,
787,1.0,Sarah Martinez643,M,1973-06-06,"217 Oak Park, Drogheda",IT Consultant,IE51BOFI970862
788,1.0,James Jones787,M,1983-07-17,"342 Eyre Square, Navan",Manager,IE60BOFI941021
789,1.0,Jennifer Rodriguez290,M,1978-09-22,"394 Church Rd, Dundalk",Retiree,IE59BOFI922329
790,1.0,Thomas Williams667,M,2001-04-23,"536 Shop St, Dublin",Retiree,IE17BOFI901509
791,1.0,Richard Miller207,F,1953-02-12,"280 Henry St, Dublin",Sales,IE19BOFI923054
792,1.0,Jennifer Williams33,M,1994-11-03,"466 Eyre Square, Swords",Engineer,
793,1.0,Robert Anderson974,M,1980-02-26,"1 Seaview, Cork",Civil Servant,IE37BOFI981957
794,1.0,Robert Lopez227,F,2004-01-06,"475 Shop St, Cork",Sales,IE73BOFI956425
795,1.0,William Anderson362,M,1960-03-14,"700 High St, Waterford",Farmer,IE46BOFI976460
796,1.0,Joseph Moore957,F,1987-05-05,"762 Eyre Square, Galway",Student,
797,1.0,Susan Smith371,M,1970-05-22,"678 Griffith Ave, Galway",Director,
798,1.0,Barbara Rodriguez956,M,1958-06-10,"974 O'Connell St, Bray",Teacher,
799,1.0,Linda Martin505,F,1955-06-17,"546 Oliver Plunkett St, Cork",Farmer,IE83BOFI977099
800,1.0,Patricia Martin423,F,1964-06-15,"256 Main St, Dundalk",Accountant,IE73BOFI973936
801,1.0,Linda Williams783,M,1959-10-31,"147 Griffith Ave, Limerick",Teacher,
802,1.0,Elizabeth Jackson471,F,1987-02-16,"239 Henry St, Drogheda",Technician,IE67BOFI942248
803,1.0,Joseph Davis270,M,1954-06-20,"497 Church Rd, Galway",Civil Servant,IE43BOFI928380
804,1.0,William Johnson549,F,1956-06-23,"568 Shop St, Dublin",Director,IE52BOFI980328
805,1.0,Karen Martin599,M,1956-12-15,"469 Henry St, Limerick",Manager,IE31BOFI969386
806,1.0,Thomas Miller891,M,1953-07-09,"759 Patrick St, Dundalk",Civil Servant,IE98BOFI966413
807,1.0,Sarah Garcia125,M,1971-02-24,"450 O'Connell St, Dundalk",Technician,IE73BOFI953080
808,1.0,Sarah Rodriguez614,M,1974-02-18,"367 Oliver Plunkett St, Dundalk",Farmer,IE83BOFI922615
809,1.0,Lisa Jackson627,M,1978-03-30,"825 Church Rd, Limerick",Director,IE83BOFI987704
810,1.0,John Johnson585,F,1954-01-05,"454 Shop St, Galway",Teacher,IE92BOFI915654
811,1.0,Linda Thomas994,F,1985-04-16,"650 Oak Park, Limerick",Builder,IE46BOFI932167
812,1.0,Patricia Hernandez437,M,1981-12-12,"111 Griffith Ave, Galway",Retiree,IE38BOFI909824
813,1.0,Lisa Martin457,M,1983-12-20,"13 Oliver Plunkett St, Swords",Teacher,IE44BOFI906100
814,1.0,Jennifer Davis701,F,1987-12-12,"169 Oak Park, Dublin",Builder,IE51BOFI965927
815,1.0,Aviva Services,,,"813 O'Connell St, Swords",,IE75BOFI906127
816,1.0,Susan Williams482,F,1971-11-28,"351 Patrick St, Swords",Accountant,IE37BOFI940016
817,1.0,Patricia Miller582,M,1998-01-11,"380 Eyre Square, Dublin",Engineer,
818,1.0,Dunnes Ireland,,,"540 Church Rd, Swords",,IE61BOFI932896
819,1.0,Lisa Brown529,F,2004-09-26,"452 Oak Park, Navan",Builder,IE21BOFI968854
820,1.0,Three Holdings,,,"263 Griffith Ave, Dundalk",,IE24BOFI999994
821,1.0,Patricia Garcia584,M,1979-02-27,"446 Eyre Square, Swords",Civil Servant,
822,1.0,Robert Miller329,M,1994-10-08,"762 Dame St, Galway",Farmer,
823,1.0,Thomas Wilson202,F,1967-03-25,"21 Grafton St, Dundalk",Doctor,IE80BOFI903777
824,1.0,William Lopez668,M,1971-03-18,"57 O'Connell St, Dublin",Engineer,
825,1.0,Michael Martinez210,F,1959-01-06,"312 Grafton St, Limerick",Doctor,IE27BOFI991707
826,1.0,Lisa Williams101,M,1951-06-17,"702 Henry St, Cork",IT Consultant,IE64BOFI954753
827,1.0,Karen Smith659,F,1958-04-23,"280 Dame St, Dundalk",Engineer,IE93BOFI956842
828,1.0,James Thomas155,M,1968-07-13,"204 Church Rd, Waterford",Retiree,IE80BOFI997647
829,1.0,Richard Davis81,F,1998-01-20,"719 O'Connell St, Bray",Builder,IE43BOFI990302
830,1.0,Lisa Williams231,M,1974-12-12,"345 Grafton St, Navan",Civil Servant,IE91BOFI980058
831,1.0,Mary Thomas576,M,1993-01-20,"622 O'Connell St, Galway",Technician,IE90BOFI966590
832,1.0,Karen Martinez7,F,1951-10-24,"890 Oliver Plunkett St, Waterford",Teacher,IE42BOFI972879
833,1.0,Glanbia Group,,,"785 Church Rd, Limerick",,IE84BOFI957535
834,1.0,Jennifer Hernandez810,F,1983-06-29,"992 Oliver Plunkett St, Waterford",Director,IE59BOFI929963
835,1.0,William Wilson61,F,2001-02-20,"827 Seaview, Dundalk",Director,IE63BOFI913523
836,1.0,Karen Moore998,F,1969-09-20,"399 Shop St, Navan",Civil Servant,IE17BOFI936895
837,1.0,James Gonzalez761,F,1996-05-27,"988 Henry St, Navan",Accountant,
838,1.0,William Moore365,M,1999-05-18,"413 Oliver Plunkett St, Cork",Teacher,IE91BOFI915385
839,1.0,Jennifer Jackson774,F,1987-04-01,"166 Oliver Plunkett St, Limerick",IT Consultant,IE12BOFI901856
840,1.0,Michael Lopez197,F,1986-07-14,"429 Griffith Ave, Navan",Builder,IE80BOFI933251
841,1.0,James Thomas494,F,1974-10-29,"962 Main St, Waterford",Accountant,IE30BOFI920676
842,1.0,William Smith702,M,1982-02-06,"698 Henry St, Waterford",Retiree,IE56BOFI997860
843,1.0,John Martin286,M,1983-02-21,"896 Dame St, Cork",Director,
844,1.0,Michael Miller183,F,1978-02-20,"767 Shop St, Dundalk",Engineer,IE51BOFI926120
845,1.0,Patricia Brown977,F,2003-05-25,"222 Dame St, Navan",Admin,IE65BOFI965412
846,1.0,Jennifer Gonzalez148,M,1998-03-25,"966 Griffith Ave, Galway",Manager,IE99BOFI941475
847,1.0,David Gonzalez365,F,1961-12-16,"487 Dame St, Drogheda",Admin,IE32BOFI971738
848,1.0,Jessica Williams419,F,1972-12-01,"657 Shop St, Limerick",Engineer,IE44BOFI961180
849,1.0,Elizabeth Moore405,M,1964-02-29,"980 Eyre Square, Limerick",Retiree,IE60BOFI926096
850,1.0,Patricia Gonzalez655,F,1981-04-12,"586 O'Connell St, Navan",Doctor,
851,1.0,Michael Anderson203,F,1975-06-08,"341 Grafton St, Galway",Engineer,
852,1.0,Patricia Gonzalez40,M,1959-05-31,"635 Grafton St, Drogheda",Nurse,IE18BOFI906778
853,1.0,Lisa Jones764,M,1965-11-08,"737 Griffith Ave, Drogheda",Doctor,IE79BOFI940938
854,1.0,Michael Jones527,M,1966-07-25,"422 Eyre Square, Waterford",Driver,IE36BOFI921909
855,1.0,Lisa Martinez380,F,1960-09-06,"558 Griffith Ave, Dundalk",Retiree,IE39BOFI934368
856,1.0,Sarah Wilson197,F,1955-07-12,"738 Oliver Plunkett St, Galway",Farmer,IE20BOFI977030
857,1.0,James Miller247,M,1978-04-29,"795 Henry St, Swords",Teacher,IE46BOFI940074
858,1.0,Joseph Wilson177,F,1973-09-29,"561 Eyre Square, Bray",Accountant,IE21BOFI931249
859,1.0,Richard Garcia222,F,1999-08-04,"786 Eyre Square, Swords",IT Consultant,IE53BOFI944817
860,1.0,Karen Thomas61,M,1978-12-21,"82 Main St, Galway",Manager,IE67BOFI909536
861,1.0,Joseph Johnson736,M,1968-09-07,"567 Main St, Galway",Sales,IE96BOFI957320
862,1.0,John Jackson784,F,1982-06-01,"214 Griffith Ave, Bray",Nurse,IE85BOFI973982
863,1.0,David Jackson100,M,1974-07-16,"750 Henry St, Dublin",Engineer,IE69BOFI975385
864,1.0,Robert Gonzalez20,F,1978-05-04,"865 O'Connell St, Dublin",Farmer,IE89BOFI930152
865,1.0,Susan Thomas347,F,2001-08-10,"898 Dame St, Galway",Technician,IE50BOFI960555
866,1.0,Richard Martin641,F,1979-06-06,"207 Oak Park, Drogheda",Admin,IE47BOFI928019
867,1.0,Sarah Thomas329,F,1995-01-02,"725 Patrick St, Drogheda",Student,IE49BOFI911986
868,1.0,Thomas Williams520,M,1978-09-13,"326 O'Connell St, Waterford",Sales,
869,1.0,Jessica Rodriguez167,M,1987-09-14,"133 Grafton St, Swords",Retiree,IE27BOFI905448
870,1.0,Linda Hernandez458,F,1975-01-28,"479 Shop St, Dundalk",Sales,
871,1.0,Jessica Hernandez344,M,1998-11-30,"285 Grafton St, Dundalk",Civil Servant,IE60BOFI941340
872,1.0,Sarah Hernandez563,F,2005-01-03,"515 Church Rd, Cork",Manager,IE75BOFI943474
873,1.0,William Gonzalez184,F,1954-11-19,"828 Oliver Plunkett St, Cork",Manager,IE37BOFI928225
874,1.0,John Anderson388,M,1964-07-10,"176 Grafton St, Navan",Student,IE87BOFI905327
875,1.0,Mary Rodriguez696,F,1966-10-06,"233 Seaview, Cork",Civil Servant,IE97BOFI913234
876,1.0,Michael Lopez508,M,1979-05-07,"103 O'Connell St, Bray",Nurse,IE44BOFI931618
877,1.0,Jennifer Davis341,M,1960-08-16,"936 Henry St, Waterford",Sales,IE47BOFI964934
878,1.0,David Rodriguez957,M,1950-01-12,"174 Dame St, Waterford",IT Consultant,IE15BOFI970602
879,1.0,John Anderson220,M,1986-09-15,"653 Dame St, Bray",IT Consultant,IE83BOFI946069
880,1.0,Robert Anderson163,F,1981-09-15,"891 Patrick St, Bray",Retiree,IE93BOFI927222
881,1.0,James Garcia98,F,1967-11-21,"353 Griffith Ave, Waterford",Student,IE68BOFI913344
882,1.0,David Hernandez29,M,1982-12-31,"424 Griffith Ave, Waterford",Engineer,
883,1.0,James Anderson609,F,1969-05-02,"848 Henry St, Waterford",Doctor,IE80BOFI963619
884,1.0,David Hernandez680,M,1971-02-25,"515 Eyre Square, Dundalk",Driver,IE83BOFI927903
885,1.0,Mary Taylor225,M,1959-08-14,"519 Grafton St, Dublin",Doctor,IE56BOFI925649
886,1.0,Linda Johnson366,M,1980-06-03,"484 Grafton St, Waterford",Teacher,
887,1.0,Michael Smith677,F,1999-06-11,"457 High St, Drogheda",Engineer,IE80BOFI926914
888,1.0,Robert Wilson654,M,1966-04-14,"116 Dame St, Dublin",Accountant,IE36BOFI983672
889,1.0,Thomas Jackson24,M,1952-05-18,"518 High St, Dublin",IT Consultant,IE37BOFI945658
890,1.0,Patricia Hernandez777,F,1999-04-15,"211 Grafton St, Waterford",Director,
891,1.0,Thomas Rodriguez54,M,1978-01-18,"42 Henry St, Limerick",Manager,IE59BOFI959056
892,1.0,Joseph Gonzalez920,M,2000-03-09,"287 Oliver Plunkett St, Dundalk",Farmer,IE98BOFI997509
893,1.0,David Rodriguez19,M,1983-06-04,"544 Eyre Square, Dublin",Teacher,IE64BOFI915217
894,1.0,Thomas Gonzalez932,F,1953-05-04,"877 O'Connell St, Waterford",Director,IE19BOFI992557
895,1.0,Kerry Group Services,,,"628 Henry St, Waterford",,IE38BOFI919835
896,1.0,John Hernandez616,F,1987-06-01,"739 Main St, Galway",Student,IE54BOFI936379
897,1.0,Michael Brown757,F,1989-09-13,"927 Dame St, Bray",Admin,IE31BOFI960631
898,1.0,Joseph Jackson327,F,2002-08-06,"244 Grafton St, Dublin",Retiree,IE62BOFI996161
899,1.0,Robert Jackson289,M,1972-11-15,"688 Shop St, Waterford",IT Consultant,IE14BOFI960946
900,1.0,William Miller316,M,2002-07-30,"71 Seaview, Dublin",Engineer,
901,1.0,James Brown256,M,1964-12-18,"602 Henry St, Bray",Farmer,IE31BOFI963127
902,1.0,Lisa Rodriguez284,M,2005-04-28,"324 Dame St, Waterford",Technician,IE28BOFI995054
903,1.0,Karen Gonzalez531,F,1969-11-09,"866 Patrick St, Bray",Doctor,IE89BOFI937255
904,1.0,Karen Smith62,F,2005-04-02,"608 Grafton St, Galway",Sales,
905,1.0,John Martin255,M,1961-04-10,"72 Grafton St, Bray",Admin,IE17BOFI958841
906,1.0,Elizabeth Smith17,F,1967-04-12,"445 Oak Park, Swords",Student,IE29BOFI986992
907,1.0,William Taylor664,F,1950-08-14,"617 Church Rd, Dublin",Teacher,IE66BOFI961574
908,1.0,Barbara Brown747,M,1996-12-11,"635 Shop St, Dublin",Accountant,IE54BOFI974268
909,1.0,David Anderson139,F,1987-01-18,"856 Seaview, Navan",Farmer,IE54BOFI990578
910,1.0,Susan Taylor995,F,1970-10-15,"161 Shop St, Dundalk",Builder,IE27BOFI961052
911,1.0,Thomas Taylor204,M,1953-10-21,"803 Oliver Plunkett St, Dublin",Manager,
912,1.0,Lisa Smith552,M,1967-02-19,"119 Shop St, Limerick",Doctor,IE84BOFI920171
913,1.0,James Garcia197,M,1977-10-30,"740 Grafton St, Limerick",Teacher,IE40BOFI905593
914,1.0,DCC Services,,,"88 Dame St, Waterford",,IE28BOFI913470
915,1.0,David Jackson464,M,1986-06-23,"397 Seaview, Navan",Civil Servant,
916,1.0,Robert Rodriguez893,M,1964-02-16,"159 Church Rd, Cork",Engineer,IE43BOFI957523
917,1.0,Richard Wilson897,F,1963-10-14,"248 O'Connell St, Swords",Admin,IE30BOFI981906
918,1.0,Richard Rodriguez113,M,1996-07-16,"990 Shop St, Dundalk",Student,IE87BOFI965953
919,1.0,Susan Lopez486,F,1981-03-31,"873 Seaview, Cork",Director,
920,1.0,David Rodriguez185,F,1988-06-12,"695 Church Rd, Galway",Engineer,IE38BOFI979883
921,1.0,Michael Garcia738,M,2001-12-11,"509 Shop St, Cork",Driver,IE80BOFI962921
922,1.0,Lisa Davis591,M,1989-11-22,"174 Dame St, Dundalk",Accountant,IE40BOFI931335
923,1.0,Joseph Garcia847,F,1977-07-15,"549 Eyre Square, Cork",Civil Servant,IE92BOFI918194
924,1.0,Robert Moore968,F,1966-08-26,"746 Patrick St, Galway",Student,IE77BOFI964056
925,1.0,Elizabeth Johnson880,F,1980-05-12,"15 Main St, Swords",Technician,IE30BOFI998936
926,1.0,Lisa Garcia761,F,1976-08-25,"274 Dame St, Bray",Engineer,IE74BOFI914900
927,1.0,Sarah Jones449,M,1982-08-15,"663 High St, Galway",IT Consultant,IE71BOFI979138
928,1.0,Karen Gonzalez964,F,1992-08-26,"93 Shop St, Dublin",Student,IE35BOFI955375
929,1.0,Jennifer Wilson32,F,1988-03-07,"658 Main St, Swords",Manager,
930,1.0,Mary Thomas313,M,1988-11-29,"826 Shop St, Cork",Student,IE75BOFI947814
931,1.0,James Wilson585,F,1988-10-01,"856 Main St, Galway",Technician,IE34BOFI925892
932,1.0,Patricia Jones703,M,1963-06-18,"392 Eyre Square, Cork",Retiree,IE66BOFI997705
933,1.0,Richadr Taylor183,,1991-05-22,"331 Dame St, Galway",IT Consultant,
